t,phi,theta,psi,phi_b,theta_b,psi_b,tau_x,tau_y,tau_z
0,0,0,0,0,0,0,1.62896173838261,-0,-0
0.01,2.16317462206346e-05,0,0,2.16317462206346e-05,0,0,1.60179823634902,-0,-0
0.02,8.57581319472699e-05,0,0,8.57581319472698e-05,0,0,1.57508996000547,-0,-0
0.03,0.000191244615528951,0,0,0.000191244615528951,0,0,1.54882926011845,-0,-0
0.04,0.000336979931108223,0,0,0.000336979931108223,0,0,1.52300861651515,-0,-0
0.05,0.000521874904801539,0,0,0.000521874904801539,0,0,1.49762063215165,-0,-0
0.06,0.000744862454699261,0,0,0.000744862454699261,0,0,1.47265803311292,-0,-0
0.07,0.00100489218403707,0,0,0.00100489218403707,0,0,1.44811364148333,-0,-0
0.08,0.00130094097533528,0,0,0.00130094097533528,0,0,1.42398042846912,-0,-0
0.09,0.00163201300359021,0,0,0.00163201300359021,0,0,1.40025151441268,-0,-0
0.1,0.00199713080246282,0,0,0.00199713080246282,0,0,1.37692012396038,-0,-0
0.11,0.00239533526427876,0,0,0.00239533526427876,0,0,1.35397958606248,-0,-0
0.12,0.00282568564002835,0,0,0.00282568564002835,0,0,1.3314233339732,-0,-0
0.13,0.00328725953936659,0,0,0.00328725953936659,0,0,1.30924490525069,-0,-0
0.14,0.00377915293061317,0,0,0.00377915293061317,0,0,1.28743794175704,-0,-0
0.15,0.00430048014075243,0,0,0.00430048014075243,0,0,1.26599618965826,-0,-0
0.16,0.00485037385543342,0,0,0.00485037385543342,0,0,1.24491349942432,-0,-0
0.17,0.00542798507684414,0,0,0.00542798507684414,0,0,1.22418382560733,-0,-0
0.18,0.00603248227843688,0,0,0.00603248227843688,0,0,1.20380122188907,-0,-0
0.19,0.00666305834608435,0,0,0.00666305834608435,0,0,1.18375987676036,-0,-0
0.2,0.00731892425793893,0,0,0.00731892425793893,0,0,1.16405408179254,-0,-0
0.21,0.00799930588677879,0,0,0.00799930588677879,0,0,1.14467821513113,-0,-0
0.22,0.00870344400000795,0,0,0.00870344400000795,0,0,1.12562674149584,-0,-0
0.23,0.00943059425965624,0,0,0.00943059425965624,0,0,1.10689421218057,-0,-0
0.24,0.0101800272223793,0,0,0.0101800272223793,0,0,1.08847526505342,-0,-0
0.25,0.0109510283394585,0,0,0.0109510283394585,0,0,1.07036462455666,-0,-0
0.26,0.0117428979568013,0,0,0.0117428979568013,0,0,1.05255710170675,-0,-0
0.27,0.0125549513149406,0,0,0.0125549513149406,0,0,1.03504759409435,-0,-0
0.28,0.0133865184896789,0,0,0.0133865184896789,0,0,1.01783108556965,-0,-0
0.29,0.01423694321952,0,0,0.01423694321952,0,0,1.00090263959405,-0,-0
0.3,0.0151055898727811,0,0,0.0151055898727811,0,0,0.984257435459467,-0,-0
0.31,0.0159918377330459,0,0,0.0159918377330459,0,0,0.967890739242263,-0,-0
0.32,0.0168950780404021,0,0,0.0168950780404021,0,0,0.951797888372045,-0,-0
0.33,0.0178147139914417,0,0,0.0178147139914417,0,0,0.935974291631675,-0,-0
0.34,0.018750160739261,0,0,0.018750160739261,0,0,0.920415429157269,-0,-0
0.35,0.0197008453934603,0,0,0.0197008453934603,0,0,0.905116852438195,-0,-0
0.36,0.0206662070201445,0,0,0.0206662070201445,0,0,0.890074184317077,-0,-0
0.37,0.0216456966419222,0,0,0.0216456966419222,0,0,0.875283118989789,-0,-0
0.38,0.0226387772379068,0,0,0.0226387772379068,0,0,0.860739422005461,-0,-0
0.39,0.0236449237437154,0,0,0.0236449237437154,0,0,0.846438930266475,-0,-0
0.4,0.0246636222728555,0,0,0.0246636222728555,0,0,0.832377547723765,-0,-0
0.41,0.025694372866495,0,0,0.025694372866495,0,0,0.818551259184606,-0,-0
0.42,0.0267366914232045,0,0,0.0267366914232045,0,0,0.804956141377303,-0,-0
0.43,0.0277901035541636,0,0,0.0277901035541636,0,0,0.791588330612982,-0,-0
0.44,0.0288541443477668,0,0,0.0288541443477668,0,0,0.778444021527698,-0,-0
0.45,0.0299283583696232,0,0,0.0299283583696232,0,0,0.765519467082437,-0,-0
0.46,0.031012299662557,0,0,0.031012299662557,0,0,0.75281097856312,-0,-0
0.47,0.0321055317466069,0,0,0.0321055317466069,0,0,0.7403149255806,-0,-0
0.48,0.0332076276190265,0,0,0.0332076276190265,0,0,0.728027736070659,-0,-0
0.49,0.0343181697542845,0,0,0.0343181697542845,0,0,0.715945896294014,-0,-0
0.5,0.0354367501040641,0,0,0.0354367501040641,0,0,0.704065950836314,-0,-0
0.51,0.0365629700972634,0,0,0.0365629700972634,0,0,0.69238450260814,-0,-0
0.52,0.0376964398272502,0,0,0.0376964398272502,0,0,0.680898208218056,-0,-0
0.53,0.0388367811636159,0,0,0.0388367811636159,0,0,0.669603794008407,-0,-0
0.54,0.039983628602404,0,0,0.039983628602404,0,0,0.658498061594481,-0,-0
0.55,0.0411366241560684,0,0,0.0411366241560684,0,0,0.647577860455267,-0,-0
0.56,0.0422954172401693,0,0,0.0422954172401693,0,0,0.636840087315019,-0,-0
0.57,0.0434596646733735,0,0,0.0434596646733735,0,0,0.626281686143258,-0,-0
0.58,0.0446290306774543,0,0,0.0446290306774543,0,0,0.615899648154768,-0,-0
0.59,0.0458031868772915,0,0,0.0458031868772915,0,0,0.605691011809598,-0,-0
0.6,0.0469818123008716,0,0,0.0469818123008716,0,0,0.595652862813062,-0,-0
0.61,0.0481645933792874,0,0,0.0481645933792874,0,0,0.58578233411574,-0,-0
0.62,0.0493512239467383,0,0,0.0493512239467383,0,0,0.576076605913475,-0,-0
0.63,0.0505414052405303,0,0,0.0505414052405303,0,0,0.566532905647377,-0,-0
0.64,0.0517348457270212,0,0,0.0517348457270212,0,0,0.557148507012568,-0,-0
0.65,0.0529312607773485,0,0,0.0529312607773485,0,0,0.547920727371206,-0,-0
0.66,0.054130377720952,0,0,0.054130377720952,0,0,0.538846955865682,-0,-0
0.67,0.0553319308414352,0,0,0.0553319308414352,0,0,0.529924626547176,-0,-0
0.68,0.0565356601069623,0,0,0.0565356601069623,0,0,0.521151211354545,-0,-0
0.69,0.0577413111702582,0,0,0.0577413111702582,0,0,0.512524220114321,-0,-0
0.7,0.0589486353686085,0,0,0.0589486353686085,0,0,0.504041200540709,-0,-0
0.71,0.0601573897238596,0,0,0.0601573897238596,0,0,0.49569973823559,-0,-0
0.72,0.0613673369424184,0,0,0.0613673369424184,0,0,0.487497456688524,-0,-0
0.73,0.0625782454152526,0,0,0.0625782454152526,0,0,0.479432017276741,-0,-0
0.74,0.0637898892178908,0,0,0.0637898892178908,0,0,0.47150111926515,-0,-0
0.75,0.0650020481104221,0,0,0.0650020481104221,0,0,0.463702499806334,-0,-0
0.76,0.0662145075374962,0,0,0.0662145075374962,0,0,0.456033933940552,-0,-0
0.77,0.067427058518738,0,0,0.067427058518738,0,0,0.448493233953849,-0,-0
0.78,0.0686394971335855,0,0,0.0686394971335855,0,0,0.441078245653731,-0,-0
0.79,0.0698516292274304,0,0,0.0698516292274304,0,0,0.43378687511749,-0,-0
0.8,0.0710632662797732,0,0,0.0710632662797732,0,0,0.426617066166148,-0,-0
0.81,0.0722742240462643,0,0,0.0722742240462643,0,0,0.419566792665022,-0,-0
0.82,0.0734843225587031,0,0,0.0734843225587031,0,0,0.412634058523732,-0,-0
0.83,0.0746933861250387,0,0,0.0746933861250387,0,0,0.405816897696199,-0,-0
0.84,0.0759012433293694,0,0,0.0759012433293694,0,0,0.399113374180641,-0,-0
0.85,0.0771077270319432,0,0,0.0771077270319431,0,0,0.392521582019578,-0,-0
0.86,0.0783126743691571,0,0,0.0783126743691571,0,0,0.386039645299828,-0,-0
0.87,0.079515926753558,0,0,0.079515926753558,0,0,0.379665718152513,-0,-0
0.88,0.0807173298738417,0,0,0.0807173298738417,0,0,0.373397984753051,-0,-0
0.89,0.081916733694854,0,0,0.081916733694854,0,0,0.367234659321161,-0,-0
0.9,0.0831139924575895,0,0,0.0831139924575895,0,0,0.361173986120864,-0,-0
0.91,0.0843089643383055,0,0,0.0843089643383055,0,0,0.355214237346431,-0,-0
0.92,0.085501512215569,0,0,0.085501512215569,0,0,0.349353716539846,-0,-0
0.93,0.0866915066267316,0,0,0.0866915066267316,0,0,0.343590776660953,-0,-0
0.94,0.0878788216496982,0,0,0.0878788216496982,0,0,0.337923796577143,-0,-0
0.95,0.089063334498784,0,0,0.089063334498784,0,0,0.332351178680736,-0,-0
0.96,0.0902449255247141,0,0,0.0902449255247141,0,0,0.326871348888983,-0,-0
0.97,0.091423478214624,0,0,0.091423478214624,0,0,0.32148275664406,-0,-0
0.98,0.092598879192059,0,0,0.092598879192059,0,0,0.316183874913074,-0,-0
0.99,0.0937710182169747,0,0,0.0937710182169747,0,0,0.310973200188058,-0,-0
1,0.0949397881857368,0,0,0.0949397881857367,0,0,0.305849252485975,-0,-0
1.01,0.0961050851311209,0,0,0.0961050851311209,0,0,0.300810575348717,-0,-0
1.02,0.0972668082223131,0,0,0.0972668082223131,0,0,0.295855735843103,-0,-0
1.03,0.0984248597649093,0,0,0.0984248597649093,0,0,0.29098332456088,-0,-0
1.04,0.0995791452009155,0,0,0.0995791452009155,0,0,0.286191955618726,-0,-0
1.05,0.100729573099598,0,0,0.100729573099598,0,0,0.281480266600666,-0,-0
1.06,0.101876054454713,0,0,0.101876054454713,0,0,0.27684691357099,-0,-0
1.07,0.103018506234301,0,0,0.103018506234301,0,0,0.27229059218215,-0,-0
1.08,0.10415684939586,0,0,0.10415684939586,0,0,0.267810026899179,-0,-0
1.09,0.105291007124532,0,0,0.105291007124532,0,0,0.263403960343167,-0,-0
1.1,0.106420904833096,0,0,0.106420904833096,0,0,0.259071153291257,-0,-0
1.11,0.107546470161974,0,0,0.107546470161974,0,0,0.254810384676649,-0,-0
1.12,0.108667632979228,0,0,0.108667632979228,0,0,0.250620451588593,-0,-0
1.13,0.109784325380562,0,0,0.109784325380562,0,0,0.2465001692724,-0,-0
1.14,0.110896481689318,0,0,0.110896481689318,0,0,0.242448371129429,-0,-0
1.15,0.112004038456481,0,0,0.112004038456481,0,0,0.238463908717098,-0,-0
1.16,0.113106934460675,0,0,0.113106934460675,0,0,0.234545651748877,-0,-0
1.17,0.114205110708168,0,0,0.114205110708168,0,0,0.230692488094291,-0,-0
1.18,0.115298510432865,0,0,0.115298510432865,0,0,0.226903323778923,-0,-0
1.19,0.116387079096313,0,0,0.116387079096313,0,0,0.223177082984404,-0,-0
1.2,0.117470764387701,0,0,0.117470764387701,0,0,0.219512708048425,-0,-0
1.21,0.118549515788781,0,0,0.118549515788781,0,0,0.21590915634738,-0,-0
1.22,0.119623286203676,0,0,0.119623286203676,0,0,0.212365409447508,-0,-0
1.23,0.120692032838453,0,0,0.120692032838453,0,0,0.208880480127899,-0,-0
1.24,0.121755714486414,0,0,0.121755714486414,0,0,0.205453395414274,-0,-0
1.25,0.122814291456563,0,0,0.122814291456563,0,0,0.202083196112292,-0,-0
1.26,0.123867725573606,0,0,0.123867725573606,0,0,0.198768936807557,-0,-0
1.27,0.124915980177954,0,0,0.124915980177954,0,0,0.195509685865613,-0,-0
1.28,0.12595902012572,0,0,0.12595902012572,0,0,0.192304525431948,-0,-0
1.29,0.126996811788721,0,0,0.126996811788721,0,0,0.189152551431992,-0,-0
1.3,0.128029323054476,0,0,0.128029323054476,0,0,0.186052873571116,-0,-0
1.31,0.129056523326207,0,0,0.129056523326207,0,0,0.183004615334634,-0,-0
1.32,0.130078383522839,0,0,0.130078383522839,0,0,0.180006913987804,-0,-0
1.33,0.131094876079001,0,0,0.131094876079001,0,0,0.177058920575822,-0,-0
1.34,0.132105974945023,0,0,0.132105974945023,0,0,0.174159799923831,-0,-0
1.35,0.133111655586941,0,0,0.133111655586942,0,0,0.171308730636912,-0,-0
1.36,0.134111894986492,0,0,0.134111894986492,0,0,0.168504905100093,-0,-0
1.37,0.135106671463472,0,0,0.135106671463472,0,0,0.165747528150599,-0,-0
1.38,0.13609596496069,0,0,0.13609596496069,0,0,0.163035817521216,-0,-0
1.39,0.137079759381383,0,0,0.137079759381383,0,0,0.160369020547177,-0,-0
1.4,0.138058039958254,0,0,0.138058039958254,0,0,0.157746397282852,-0,-0
1.41,0.139030792893837,0,0,0.139030792893837,0,0,0.155167218036307,-0,-0
1.42,0.139998005360503,0,0,0.139998005360503,0,0,0.152630763369295,-0,-0
1.43,0.140959665500457,0,0,0.140959665500457,0,0,0.150136324097258,-0,-0
1.44,0.141915762425739,0,0,0.141915762425739,0,0,0.147683201289328,-0,-0
1.45,0.142866286218221,0,0,0.142866286218221,0,0,0.145270706268328,-0,-0
1.46,0.143811227929612,0,0,0.143811227929612,0,0,0.142898160610771,-0,-0
1.47,0.144750579581455,0,0,0.144750579581455,0,0,0.140564896146857,-0,-0
1.48,0.145684334165126,0,0,0.145684334165126,0,0,0.13827025496048,-0,-0
1.49,0.146612485641837,0,0,0.146612485641837,0,0,0.136013589389218,-0,-0
1.5,0.147535028942634,0,0,0.147535028942634,0,0,0.133794262024344,-0,-0
1.51,0.148451959968398,0,0,0.148451959968398,0,0,0.131611645710819,-0,-0
1.52,0.149363275589842,0,0,0.149363275589842,0,0,0.129465123547292,-0,-0
1.53,0.150268973647518,0,0,0.150268973647518,0,0,0.127354088886104,-0,-0
1.54,0.151169052950669,0,0,0.151169052950669,0,0,0.125277945324395,-0,-0
1.55,0.152063512832927,0,0,0.152063512832927,0,0,0.123236102465053,-0,-0
1.56,0.152952355364334,0,0,0.152952355364334,0,0,0.121227991226993,-0,-0
1.57,0.153835584427303,0,0,0.153835584427303,0,0,0.11925305904453,-0,-0
1.58,0.154713204466144,0,0,0.154713204466144,0,0,0.117310760796501,-0,-0
1.59,0.155585220487065,0,0,0.155585220487065,0,0,0.115400558806271,-0,-0
1.6,0.156451638058174,0,0,0.156451638058174,0,0,0.113521922841725,-0,-0
1.61,0.157312463309475,0,0,0.157312463309475,0,0,0.111674330115277,-0,-0
1.62,0.158167702932869,0,0,0.158167702932869,0,0,0.109857265283861,-0,-0
1.63,0.159017364182157,0,0,0.159017364182157,0,0,0.108070220448938,-0,-0
1.64,0.159861454873038,0,0,0.159861454873038,0,0,0.106312695156491,-0,-0
1.65,0.160699983383109,0,0,0.160699983383109,0,0,0.104584196397031,-0,-0
1.66,0.161532958651863,0,0,0.161532958651863,0,0,0.102884238605588,-0,-0
1.67,0.162360390180692,0,0,0.162360390180692,0,0,0.10121234366172,-0,-0
1.68,0.163182288032888,0,0,0.163182288032888,0,0,0.0995680408895098,-0,-0
1.69,0.163998662833639,0,0,0.163998662833639,0,0,0.0979508670575613,-0,-0
1.7,0.16480952577003,0,0,0.16480952577003,0,0,0.0963603663790051,-0,-0
1.71,0.165614888591047,0,0,0.165614888591047,0,0,0.0947960905114948,-0,-0
1.72,0.166414763607571,0,0,0.166414763607571,0,0,0.0932575985572089,-0,-0
1.73,0.167209163659206,0,0,0.167209163659206,0,0,0.0917444567892214,-0,-0
1.74,0.167998101394013,0,0,0.167998101394013,0,0,0.0902562317530058,-0,-0
1.75,0.168781592150696,0,0,0.168781592150696,0,0,0.0887925123709518,-0,-0
1.76,0.169559652521561,0,0,0.169559652521561,0,0,0.0873529004716969,-0,-0
1.77,0.170332299353107,0,0,0.170332299353107,0,0,0.0859370030272798,-0,-0
1.78,0.171099549746023,0,0,0.171099549746023,0,0,0.0845444321531437,-0,-0
1.79,0.171861421055195,0,0,0.171861421055195,0,0,0.0831748051081343,-0,-0
1.8,0.172617930889697,0,0,0.172617930889697,0,0,0.0818277442944988,-0,-0
1.81,0.173369097112796,0,0,0.173369097112796,0,0,0.0805028772578892,-0,-0
1.82,0.174114937841954,0,0,0.174114937841954,0,0,0.0791998366873579,-0,-0
1.83,0.174855471448822,0,0,0.174855471448822,0,0,0.0779182604153627,-0,-0
1.84,0.175590716559245,0,0,0.175590716559245,0,0,0.0766577914177625,-0,-0
1.85,0.17632069205326,0,0,0.17632069205326,0,0,0.0754180778138199,-0,-0
1.86,0.177045417065096,0,0,0.177045417065096,0,0,0.0741987728661997,-0,-0
1.87,0.177764910983175,0,0,0.177764910983175,0,0,0.0729995349809696,-0,-0
1.88,0.178479193450111,0,0,0.178479193450111,0,0,0.0718200277076004,-0,-0
1.89,0.17918828436271,0,0,0.17918828436271,0,0,0.0706599197389658,-0,-0
1.9,0.179892203871969,0,0,0.179892203871969,0,0,0.0695188849113423,-0,-0
1.91,0.180590972383081,0,0,0.180590972383081,0,0,0.0683966022044082,-0,-0
1.92,0.181284610555427,0,0,0.181284610555427,0,0,0.0672927557412464,-0,-0
1.93,0.181973139302583,0,0,0.181973139302583,0,0,0.0662070347883414,-0,-0
1.94,0.182656579792317,0,0,0.182656579792317,0,0,0.0651391337555804,-0,-0
1.95,0.18333495321177,0,0,0.18333495321177,0,0,0.0640887496732689,-0,-0
1.96,0.184008281068754,0,0,0.184008281068754,0,0,0.0630555819869515,-0,-0
1.97,0.184676587201773,0,0,0.184676587201773,0,0,0.0620393531641671,-0,-0
1.98,0.185339895699054,0,0,0.185339895699054,0,0,0.0610397909714444,-0,-0
1.99,0.185998230691006,0,0,0.185998230691006,0,0,0.0600566265120725,-0,-0
2,0.186651616350225,0,0,0.186651616350225,0,0,0.0590895942260983,-0,-0
2.01,0.187300076891489,0,0,0.187300076891489,0,0,0.0581384318903285,-0,-0
2.02,0.187943636571761,0,0,0.187943636571761,0,0,0.0572028806183301,-0,-0
2.03,0.18858231969019,0,0,0.18858231969019,0,0,0.0562826848604263,-0,-0
2.04,0.189216150588106,0,0,0.189216150588106,0,0,0.055377592403703,-0,-0
2.05,0.189845153649026,0,0,0.189845153649026,0,0,0.0544873543720019,-0,-0
2.06,0.190469353298651,0,0,0.190469353298651,0,0,0.0536117252259268,-0,-0
2.07,0.191088774004866,0,0,0.191088774004866,0,0,0.0527504627628391,-0,-0
2.08,0.191703440277741,0,0,0.191703440277741,0,0,0.0519033281168593,-0,-0
2.09,0.192313376669528,0,0,0.192313376669528,0,0,0.0510700857588681,-0,-0
2.1,0.192918607774666,0,0,0.192918607774666,0,0,0.0502505034965035,-0,-0
2.11,0.193519158229777,0,0,0.193519158229777,0,0,0.0494443524741646,-0,-0
2.12,0.194115052713669,0,0,0.194115052713669,0,0,0.0486514071730091,-0,-0
2.13,0.194706315947331,0,0,0.194706315947331,0,0,0.0478714454109526,-0,-0
2.14,0.19529297269394,0,0,0.19529297269394,0,0,0.0471042483426725,-0,-0
2.15,0.195875047758856,0,0,0.195875047758856,0,0,0.0463496004596026,-0,-0
2.16,0.196452565989622,0,0,0.196452565989622,0,0,0.0456072895899371,-0,-0
2.17,0.197025552275967,0,0,0.197025552275967,0,0,0.0448771068986299,-0,-0
2.18,0.197594031549804,0,0,0.197594031549804,0,0,0.0441588468873925,-0,-0
2.19,0.19815802878523,0,0,0.19815802878523,0,0,0.0434523073946975,-0,-0
2.2,0.198717569057975,0,0,0.198717569057975,0,0,0.0427572886544846,-0,-0
2.21,0.199272678422803,0,0,0.199272678422803,0,0,0.0420735968515784,-0,-0
2.22,0.199823383658274,0,0,0.199823383658274,0,0,0.0414010516845519,-0,-0
2.23,0.200369711492396,0,0,0.200369711492396,0,0,0.0407394757785177,-0,-0
2.24,0.200911688580355,0,0,0.200911688580355,0,0,0.040088693853463,-0,-0
2.25,0.201449341504521,0,0,0.201449341504521,0,0,0.0394485327242496,-0,-0
2.26,0.201982696774441,0,0,0.201982696774441,0,0,0.0388188213006138,-0,-0
2.27,0.202511780826848,0,0,0.202511780826848,0,0,0.0381993905871659,-0,-0
2.28,0.20303662002565,0,0,0.20303662002565,0,0,0.0375900736833925,-0,-0
2.29,0.203557240661942,0,0,0.203557240661942,0,0,0.0369907057836524,-0,-0
2.3,0.204073668953996,0,0,0.204073668953996,0,0,0.0364011241771802,-0,-0
2.31,0.204585931047266,0,0,0.204585931047266,0,0,0.0358211682480845,-0,-0
2.32,0.205094053014388,0,0,0.205094053014388,0,0,0.035250679475349,-0,-0
2.33,0.205598060855177,0,0,0.205598060855177,0,0,0.0346895014328319,-0,-0
2.34,0.206097980496632,0,0,0.206097980496632,0,0,0.0341374797892655,-0,-0
2.35,0.20659383779293,0,0,0.20659383779293,0,0,0.0335944623082565,-0,-0
2.36,0.207085658525431,0,0,0.207085658525431,0,0,0.0330602988482865,-0,-0
2.37,0.207573468402675,0,0,0.207573468402675,0,0,0.0325348413627118,-0,-0
2.38,0.208057293060383,0,0,0.208057293060383,0,0,0.0320179438997629,-0,-0
2.39,0.208537158061458,0,0,0.208537158061458,0,0,0.0315094626025445,-0,-0
2.4,0.209013088895982,0,0,0.209013088895982,0,0,0.0310092557090366,-0,-0
2.41,0.20948511098122,0,0,0.20948511098122,0,0,0.0305171835520932,-0,-0
2.42,0.209953249661618,0,0,0.209953249661618,0,0,0.030033108559443,-0,-0
2.43,0.210417530208801,0,0,0.210417530208801,0,0,0.0295568952536893,-0,-0
2.44,0.210877977821578,0,0,0.210877977821578,0,0,0.0290884102523091,-0,-0
2.45,0.211334617625935,0,0,0.211334617625935,0,0,0.0286275222676554,-0,-0
2.46,0.211787474675043,0,0,0.211787474675043,0,0,0.0281741021069543,-0,-0
2.47,0.212236574057875,0,0,0.212236574057875,0,0,0.0277280218478049,-0,-0
2.48,0.21268194165151,0,0,0.21268194165151,0,0,0.0272891576522928,-0,-0
2.49,0.213123603500172,0,0,0.213123603500172,0,0,0.0268573961954094,-0,-0
2.5,0.213561585506943,0,0,0.213561585506943,0,0,0.0264326260684943,-0,-0
2.51,0.21399591344893,0,0,0.21399591344893,0,0,0.0260147371112884,-0,-0
2.52,0.214426612977265,0,0,0.214426612977265,0,0,0.0256036204119384,-0,-0
2.53,0.214853709617111,0,0,0.214853709617111,0,0,0.0251991683069954,-0,-0
2.54,0.215277228767653,0,0,0.215277228767653,0,0,0.0248012743814149,-0,-0
2.55,0.215697195702105,0,0,0.215697195702105,0,0,0.024409833468556,-0,-0
2.56,0.216113635567709,0,0,0.216113635567709,0,0,0.0240247416501834,-0,-0
2.57,0.21652657338573,0,0,0.21652657338573,0,0,0.0236458962564651,-0,-0
2.58,0.216936034051463,0,0,0.216936034051463,0,0,0.0232731958659741,-0,-0
2.59,0.217342042334228,0,0,0.217342042334228,0,0,0.0229065403056876,-0,-0
2.6,0.217744622877373,0,0,0.217744622877373,0,0,0.0225458306509871,-0,-0
2.61,0.21814380019827,0,0,0.21814380019827,0,0,0.0221909692256589,-0,-0
2.62,0.21853959868832,0,0,0.21853959868832,0,0,0.0218418596018927,-0,-0
2.63,0.218932042612951,0,0,0.218932042612951,0,0,0.0214984066002835,-0,-0
2.64,0.219321156111616,0,0,0.219321156111616,0,0,0.0211605162898307,-0,-0
2.65,0.219706963197795,0,0,0.219706963197795,0,0,0.0208280959879373,-0,-0
2.66,0.220089487758996,0,0,0.220089487758996,0,0,0.020501054260411,-0,-0
2.67,0.220468753556752,0,0,0.220468753556752,0,0,0.0201793009214651,-0,-0
2.68,0.220844784226623,0,0,0.220844784226623,0,0,0.0198627470337152,-0,-0
2.69,0.221217603278197,0,0,0.221217603278197,0,0,0.0195513049081823,-0,-0
2.7,0.221587234095087,0,0,0.221587234095087,0,0,0.0192448881042922,-0,-0
2.71,0.221953699934934,0,0,0.221953699934934,0,0,0.0189434114298742,-0,-0
2.72,0.222317023929404,0,0,0.222317023929404,0,0,0.0186467909411627,-0,-0
2.73,0.222677229084192,0,0,0.222677229084192,0,0,0.0183549439427961,-0,-0
2.74,0.223034338279017,0,0,0.223034338279017,0,0,0.0180677889878174,-0,-0
2.75,0.223388374267627,0,0,0.223388374267627,0,0,0.0177852458776737,-0,-0
2.76,0.223739359677795,0,0,0.223739359677795,0,0,0.0175072356622165,-0,-0
2.77,0.224087317496948,0,0,0.224087317496948,0,0,0.0172336801925893,-0,-0
2.78,0.224432271235867,0,0,0.224432271235867,0,0,0.0169645074916734,-0,-0
2.79,0.224774243909133,0,0,0.224774243909133,0,0,0.0166996502529583,-0,-0
2.8,0.22511325839134,0,0,0.22511325839134,0,0,0.016439041887689,-0,-0
2.81,0.225449337420104,0,0,0.225449337420104,0,0,0.0161826165116734,-0,-0
2.82,0.225782503596063,0,0,0.225782503596063,0,0,0.0159303089452827,-0,-0
2.83,0.226112779382879,0,0,0.226112779382879,0,0,0.0156820547134502,-0,-0
2.84,0.226440187107236,0,0,0.226440187107236,0,0,0.0154377900456737,-0,-0
2.85,0.226764748958843,0,0,0.226764748958843,0,0,0.0151974518760117,-0,-0
2.86,0.227086486990429,0,0,0.227086486990429,0,0,0.0149609778430869,-0,-0
2.87,0.227405423117747,0,0,0.227405423117747,0,0,0.0147283062900848,-0,-0
2.88,0.227721579119575,0,0,0.227721579119575,0,0,0.0144993762647536,-0,-0
2.89,0.228034976637712,0,0,0.228034976637712,0,0,0.014274127519404,-0,-0
2.9,0.228345637176979,0,0,0.228345637176979,0,0,0.0140525005109103,-0,-0
2.91,0.228653582105221,0,0,0.228653582105221,0,0,0.0138344364007092,-0,-0
2.92,0.228958832653306,0,0,0.228958832653306,0,0,0.0136198770548007,-0,-0
2.93,0.229261409915126,0,0,0.229261409915126,0,0,0.013408765043747,-0,-0
2.94,0.229561334847593,0,0,0.229561334847593,0,0,0.0132010436426737,-0,-0
2.95,0.229858628270645,0,0,0.229858628270645,0,0,0.0129966568312692,-0,-0
2.96,0.230153310867241,0,0,0.230153310867241,0,0,0.0127955492937846,-0,-0
2.97,0.230445403183364,0,0,0.230445403183364,0,0,0.0125976664190341,-0,-0
2.98,0.230734925628019,0,0,0.230734925628019,0,0,0.0124029543003947,-0,-0
2.99,0.231021898473234,0,0,0.231021898473234,0,0,0.012211359735806,-0,-0
3,0.231306341854061,0,0,0.231306341854061,0,0,0.012022830227771,-0,-0
3.01,0.231588275768573,0,0,0.231588275768573,0,0,0.0118373139833551,-0,-0
3.02,0.231867720077868,0,0,0.231867720077868,0,0,0.0116547599141868,-0,-0
3.03,0.232144694506066,0,0,0.232144694506066,0,0,0.0114751176364576,-0,-0
3.04,0.232419218640309,0,0,0.232419218640309,0,0,0.0112983374709215,-0,-0
3.05,0.232691311930764,0,0,0.232691311930764,0,0,0.011124370442896,-0,-0
3.06,0.232960993690618,0,0,0.232960993690618,0,0,0.0109531682822605,-0,-0
3.07,0.233228283096085,0,0,0.233228283096085,0,0,0.0107846834234586,-0,-0
3.08,0.233493199186397,0,0,0.233493199186397,0,0,0.0106188690054951,-0,-0
3.09,0.233755760957801,0,0,0.233755760957801,0,0,0.0104556788643525,-0,-0
3.1,0.234015988266724,0,0,0.234015988266724,0,0,0.0102950694421144,-0,-0
3.11,0.234273900364886,0,0,0.234273900364886,0,0,0.0101370016485885,-0,-0
3.12,0.234529516149642,0,0,0.234529516149642,0,0,0.0099814372039003,-0,-0
3.13,0.234782854394665,0,0,0.234782854394665,0,0,0.00982833820484702,-0,-0
3.14,0.235033933749956,0,0,0.235033933749956,0,0,0.00967766712489659,-0,-0
3.15,0.235282772741837,0,0,0.235282772741837,0,0,0.00952938681418808,-0,-0
3.16,0.235529389772955,0,0,0.235529389772955,0,0,0.00938346049953134,-0,-0
3.17,0.235773803122279,0,0,0.235773803122279,0,0,0.00923985178440728,-0,-0
3.18,0.236016030945104,0,0,0.236016030945104,0,0,0.00909852464896765,-0,-0
3.19,0.236256091273046,0,0,0.236256091273046,0,0,0.00895944345003508,-0,-0
3.2,0.236494002014046,0,0,0.236494002014046,0,0,0.00882257292110339,-0,-0
3.21,0.236729780952368,0,0,0.236729780952368,0,0,0.00868787817233718,-0,-0
3.22,0.2369634457486,0,0,0.2369634457486,0,0,0.00855532469057194,-0,-0
3.23,0.237195013939653,0,0,0.237195013939653,0,0,0.0084248783393143,-0,-0
3.24,0.237424502938762,0,0,0.237424502938762,0,0,0.00829650535874144,-0,-0
3.25,0.237651930035485,0,0,0.237651930035485,0,0,0.00817017236570211,-0,-0
3.26,0.237877312395705,0,0,0.237877312395705,0,0,0.00804584635371555,-0,-0
3.27,0.238100667061626,0,0,0.238100667061626,0,0,0.00792349469297202,-0,-0
3.28,0.238322010951778,0,0,0.238322010951778,0,0,0.00780308513033276,-0,-0
3.29,0.238541360861014,0,0,0.238541360861014,0,0,0.0076845857893296,-0,-0
3.3,0.238758733460509,0,0,0.238758733460509,0,0,0.00756796517016636,-0,-0
3.31,0.238974145297763,0,0,0.238974145297763,0,0,0.00745319214971668,-0,-0
3.32,0.2391876127966,0,0,0.2391876127966,0,0,0.00734023598152519,-0,-0
3.33,0.239399152257167,0,0,0.239399152257167,0,0,0.00722906629580874,-0,-0
3.34,0.239608779855933,0,0,0.239608779855933,0,0,0.00711965309945375,-0,-0
3.35,0.239816511645693,0,0,0.239816511645693,0,0,0.00701196677601798,-0,-0
3.36,0.240022363555564,0,0,0.240022363555564,0,0,0.00690597808573029,-0,-0
3.37,0.240226351390988,0,0,0.240226351390988,0,0,0.00680165816549078,-0,-0
3.38,0.240428490833728,0,0,0.240428490833728,0,0,0.00669897852886953,-0,-0
3.39,0.240628797441874,0,0,0.240628797441874,0,0,0.00659791106610838,-0,-0
3.4,0.240827286649836,0,0,0.240827286649836,0,0,0.00649842804412019,-0,-0
3.41,0.24102397376835,0,0,0.24102397376835,0,0,0.00640050210648804,-0,-0
3.42,0.241218873984475,0,0,0.241218873984475,0,0,0.00630410627346674,-0,-0
3.43,0.241412002361594,0,0,0.241412002361594,0,0,0.00620921394198158,-0,-0
3.44,0.241603373839411,0,0,0.241603373839411,0,0,0.00611579888562885,-0,-0
3.45,0.241793003879877,0,0,0.241793003879877,0,0,0.00602383604607329,-0,-0
3.46,0.24198090797338,0,0,0.24198090797338,0,0,0.00593330365066295,-0,-0
3.47,0.242167100808734,0,0,0.242167100808734,0,0,0.00584418080764501,-0,-0
3.48,0.242351596974302,0,0,0.242351596974302,0,0,0.00575644681310937,-0,-0
3.49,0.242534410958689,0,0,0.242534410958689,0,0,0.00567008115109784,-0,-0
3.5,0.242715557150741,0,0,0.242715557150741,0,0,0.00558506349360238,-0,-0
3.51,0.242895049839544,0,0,0.242895049839544,0,0,0.00550137370056857,-0,-0
3.52,0.243072903214429,0,0,0.243072903214429,0,0,0.00541899181989115,-0,-0
3.53,0.243249131364967,0,0,0.243249131364967,0,0,0.00533789808741798,-0,-0
3.54,0.243423748280969,0,0,0.243423748280969,0,0,0.00525807292694723,-0,-0
3.55,0.243596767852489,0,0,0.243596767852489,0,0,0.00517949695022929,-0,-0
3.56,0.243768203869824,0,0,0.243768203869824,0,0,0.00510215095696484,-0,-0
3.57,0.243938070023511,0,0,0.243938070023511,0,0,0.00502601593480723,-0,-0
3.58,0.244106379904329,0,0,0.244106379904329,0,0,0.00495107305936054,-0,-0
3.59,0.244273147003298,0,0,0.244273147003298,0,0,0.00487730369418053,-0,-0
3.6,0.244438384711681,0,0,0.244438384711681,0,0,0.00480468939077407,-0,-0
3.61,0.244602106320981,0,0,0.244602106320981,0,0,0.00473321188859953,-0,-0
3.62,0.244764325022945,0,0,0.244764325022945,0,0,0.00466285311506685,-0,-0
3.63,0.244925053909559,0,0,0.244925053909559,0,0,0.00459359518553744,-0,-0
3.64,0.245084305973052,0,0,0.245084305973052,0,0,0.00452542040332367,-0,-0
3.65,0.245242094105894,0,0,0.245242094105894,0,0,0.00445831125969015,-0,-0
3.66,0.245398431100797,0,0,0.245398431100797,0,0,0.00439225043385197,-0,-0
3.67,0.245553329650716,0,0,0.245553329650716,0,0,0.00432722079297593,-0,-0
3.68,0.245706802348846,0,0,0.245706802348846,0,0,0.00426320539218066,-0,-0
3.69,0.245858861688622,0,0,0.245858861688622,0,0,0.00420018747453574,-0,-0
3.7,0.246009520063725,0,0,0.246009520063725,0,0,0.00413815047106246,-0,-0
3.71,0.246158789768074,0,0,0.246158789768074,0,0,0.00407707800073356,-0,-0
3.72,0.246306682995831,0,0,0.246306682995831,0,0,0.00401695387047224,-0,-0
3.73,0.246453211841399,0,0,0.246453211841399,0,0,0.00395776207515464,-0,-0
3.74,0.246598388299424,0,0,0.246598388299424,0,0,0.00389948679760724,-0,-0
3.75,0.246742224264792,0,0,0.246742224264792,0,0,0.00384211240860834,-0,-0
3.76,0.246884731532632,0,0,0.246884731532632,0,0,0.00378562346688764,-0,-0
3.77,0.247025921798313,0,0,0.247025921798313,0,0,0.00373000471912593,-0,-0
3.78,0.247165806657448,0,0,0.247165806657448,0,0,0.00367524109995584,-0,-0
3.79,0.247304397605889,0,0,0.247304397605889,0,0,0.00362131773196116,-0,-0
3.8,0.247441706039731,0,0,0.247441706039731,0,0,0.00356821992567713,-0,-0
3.81,0.247577743255311,0,0,0.247577743255311,0,0,0.00351593317959052,-0,-0
3.82,0.247712520449208,0,0,0.247712520449207,0,0,0.00346444318013937,-0,-0
3.83,0.247846048754048,0,0,0.247846048754048,0,0,0.00341373589210799,-0,-0
3.84,0.247978339942716,0,0,0.247978339942716,0,0,0.00336380011914329,-0,-0
3.85,0.24810940517495,0,0,0.24810940517495,0,0,0.00331462543774004,-0,-0
3.86,0.248239255198701,0,0,0.248239255198701,0,0,0.00326620095759868,-0,-0
3.87,0.24836790068756,0,0,0.24836790068756,0,0,0.00321851588207454,-0,-0
3.88,0.248495352240757,0,0,0.248495352240757,0,0,0.00317155950817707,-0,-0
3.89,0.248621620383164,0,0,0.248621620383164,0,0,0.00312532122657237,-0,-0
3.9,0.24874671556529,0,0,0.24874671556529,0,0,0.00307979052158087,-0,-0
3.91,0.248870648163286,0,0,0.248870648163286,0,0,0.00303495697117856,-0,-0
3.92,0.248993428478941,0,0,0.248993428478941,0,0,0.00299081024699646,-0,-0
3.93,0.249115066739685,0,0,0.249115066739685,0,0,0.0029473401143207,-0,-0
3.94,0.249235573098589,0,0,0.249235573098589,0,0,0.00290453643209269,-0,-0
3.95,0.24935495763436,0,0,0.24935495763436,0,0,0.00286238915290915,-0,-0
3.96,0.249473230351349,0,0,0.249473230351349,0,0,0.0028208883230218,-0,-0
3.97,0.249590401179545,0,0,0.249590401179545,0,0,0.00278002408233757,-0,-0
3.98,0.249706479974576,0,0,0.249706479974576,0,0,0.00273978666441897,-0,-0
3.99,0.249821476517712,0,0,0.249821476517712,0,0,0.0027001663964825,-0,-0
4,0.249935400515861,0,0,0.249935400515861,0,0,0.00266115369940162,-0,-0
4.01,0.250048261601572,0,0,0.250048261601572,0,0,0.00262273908770323,-0,-0
4.02,0.250160069333033,0,0,0.250160069333033,0,0,0.00258491316957155,-0,-0
4.03,0.250270833194071,0,0,0.250270833194071,0,0,0.00254766664684286,-0,-0
4.04,0.250380562594155,0,0,0.250380562594155,0,0,0.00251099031501248,-0,-0
4.05,0.250489266868394,0,0,0.250489266868394,0,0,0.00247487506322712,-0,-0
4.06,0.250596955277533,0,0,0.250596955277533,0,0,0.00243931187429196,-0,-0
4.07,0.250703637007961,0,0,0.250703637007961,0,0,0.00240429182466424,-0,-0
4.08,0.250809321171706,0,0,0.250809321171706,0,0,0.00236980608445904,-0,-0
4.09,0.250914016806433,0,0,0.250914016806433,0,0,0.00233584591744533,-0,-0
4.1,0.251017732875451,0,0,0.251017732875451,0,0,0.00230240268104809,-0,-0
4.11,0.251120478267706,0,0,0.251120478267706,0,0,0.00226946782634627,-0,-0
4.12,0.251222261797784,0,0,0.251222261797784,0,0,0.00223703289807457,-0,-0
4.13,0.251323092205913,0,0,0.251323092205913,0,0,0.00220508953462364,-0,-0
4.14,0.251422978157958,0,0,0.251422978157958,0,0,0.00217362946803753,-0,-0
4.15,0.251521928245425,0,0,0.251521928245425,0,0,0.00214264452401808,-0,-0
4.16,0.251619950985461,0,0,0.251619950985461,0,0,0.00211212662191966,-0,-0
4.17,0.251717054820851,0,0,0.251717054820851,0,0,0.00208206777475359,-0,-0
4.18,0.251813248120021,0,0,0.251813248120021,0,0,0.00205246008918589,-0,-0
4.19,0.251908539177037,0,0,0.251908539177037,0,0,0.00202329576553724,-0,-0
4.2,0.252002936211603,0,0,0.252002936211603,0,0,0.00199456709778379,-0,-0
4.21,0.252096447369064,0,0,0.252096447369064,0,0,0.00196626647355784,-0,-0
4.22,0.252189080720407,0,0,0.252189080720407,0,0,0.00193838637414588,-0,-0
4.23,0.252280844262255,0,0,0.252280844262255,0,0,0.00191091937448905,-0,-0
4.24,0.25237174623498,0,0,0.25237174623498,0,0,0.00188385917148998,-0,-0
4.25,0.252461794798351,0,0,0.252461794798352,0,0,0.00185720085310055,-0,-0
4.26,0.252550997577535,0,0,0.252550997577535,0,0,0.00183093883070606,-0,-0
4.27,0.252639362142954,0,0,0.252639362142954,0,0,0.00180506755684921,-0,-0
4.28,0.2527268960122,0,0,0.2527268960122,0,0,0.00177958152966987,-0,-0
4.29,0.252813606650033,0,0,0.252813606650033,0,0,0.00175447529289552,-0,-0
4.3,0.252899501468382,0,0,0.252899501468382,0,0,0.00172974343584627,-0,-0
4.31,0.252984587826345,0,0,0.252984587826345,0,0,0.00170538059343504,-0,-0
4.32,0.253068873030188,0,0,0.253068873030188,0,0,0.00168138144616489,-0,-0
4.33,0.253152364333345,0,0,0.253152364333345,0,0,0.00165774072013067,-0,-0
4.34,0.253235068936421,0,0,0.253235068936421,0,0,0.00163445318701951,-0,-0
4.35,0.253316993987188,0,0,0.253316993987188,0,0,0.00161151366410825,-0,-0
4.36,0.253398146580587,0,0,0.253398146580587,0,0,0.00158891701426728,-0,-0
4.37,0.253478533758726,0,0,0.253478533758726,0,0,0.00156665814595781,-0,-0
4.38,0.253558162510886,0,0,0.253558162510886,0,0,0.00154473201323194,-0,-0
4.39,0.253637039773511,0,0,0.253637039773511,0,0,0.00152313361573449,-0,-0
4.4,0.25371517243022,0,0,0.25371517243022,0,0,0.0015018579986999,-0,-0
4.41,0.253792567311794,0,0,0.253792567311794,0,0,0.00148090025295732,-0,-0
4.42,0.253869231196188,0,0,0.253869231196188,0,0,0.00146025551492347,-0,-0
4.43,0.253945170808524,0,0,0.253945170808524,0,0,0.00143991896661023,-0,-0
4.44,0.25402039282109,0,0,0.25402039282109,0,0,0.001419885835618,-0,-0
4.45,0.254094903853348,0,0,0.254094903853348,0,0,0.00140015139514088,-0,-0
4.46,0.254168710471923,0,0,0.254168710471923,0,0,0.00138071096396472,-0,-0
4.47,0.254241819190613,0,0,0.254241819190613,0,0,0.00136155990646423,-0,-0
4.48,0.254314236470383,0,0,0.254314236470383,0,0,0.00134269363260789,-0,-0
4.49,0.254385968719365,0,0,0.254385968719365,0,0,0.00132410759795577,-0,-0
4.5,0.254457022292864,0,0,0.254457022292864,0,0,0.00130579730365799,-0,-0
4.51,0.254527403493349,0,0,0.254527403493348,0,0,0.001287758296458,-0,-0
4.52,0.25459711857046,0,0,0.25459711857046,0,0,0.00126998616868857,-0,-0
4.53,0.254666173721006,0,0,0.254666173721006,0,0,0.00125247655827641,-0,-0
4.54,0.254734575088963,0,0,0.254734575088963,0,0,0.00123522514873831,-0,-0
4.55,0.254802328765478,0,0,0.254802328765478,0,0,0.0012182276691827,-0,-0
4.56,0.254869440788865,0,0,0.254869440788865,0,0,0.00120147989431006,-0,-0
4.57,0.254935917144607,0,0,0.254935917144607,0,0,0.00118497764441238,-0,-0
4.58,0.255001763765355,0,0,0.255001763765355,0,0,0.00116871678537139,-0,-0
4.59,0.25506698653093,0,0,0.25506698653093,0,0,0.00115269322866364,-0,-0
4.6,0.255131591268322,0,0,0.255131591268322,0,0,0.00113690293135445,-0,-0
4.61,0.255195583751687,0,0,0.255195583751687,0,0,0.00112134189610261,-0,-0
4.62,0.255258969702353,0,0,0.255258969702353,0,0,0.00110600617115574,-0,-0
4.63,0.255321754788814,0,0,0.255321754788814,0,0,0.00109089185035604,-0,-0
4.64,0.255383944626734,0,0,0.255383944626734,0,0,0.00107599507313588,-0,-0
4.65,0.255445544778982,0,0,0.255445544778982,0,0,0.00106131202458981,-0,-0
4.66,0.255506561004519,0,0,0.255506561004519,0,0,0.00104683964421103,-0,-0
4.67,0.255566998870561,0,0,0.255566998870561,0,0,0.00103257549151585,-0,-0
4.68,0.255626863604598,0,0,0.255626863604598,0,0,0.00101851676859575,-0,-0
4.69,0.255686160398183,0,0,0.255686160398183,0,0,0.00100466069868733,-0,-0
4.7,0.255744894406936,0,0,0.255744894406936,0,0,0.000991004526167176,-0,-0
4.71,0.255803070750541,0,0,0.255803070750541,0,0,0.000977545516557404,-0,-0
4.72,0.25586069451275,0,0,0.25586069451275,0,0,0.000964280956522359,-0,-0
4.73,0.255917770741379,0,0,0.255917770741379,0,0,0.000951208153868996,-0,-0
4.74,0.25597430444831,0,0,0.25597430444831,0,0,0.000938324437547822,-0,-0
4.75,0.256030300609491,0,0,0.256030300609491,0,0,0.000925627157653104,-0,-0
4.76,0.256085764164935,0,0,0.256085764164935,0,0,0.000913113685420616,-0,-0
4.77,0.256140700018722,0,0,0.256140700018722,0,0,0.000900781413230495,-0,-0
4.78,0.256195113038996,0,0,0.256195113038996,0,0,0.000888627754606464,-0,-0
4.79,0.256249008057968,0,0,0.256249008057968,0,0,0.000876650144212815,-0,-0
4.8,0.256302389871914,0,0,0.256302389871914,0,0,0.000864846037859933,-0,-0
4.81,0.256355263241176,0,0,0.256355263241176,0,0,0.000853212912499395,-0,-0
4.82,0.256407632890161,0,0,0.256407632890161,0,0,0.000841748266225649,-0,-0
4.83,0.256459503507343,0,0,0.256459503507343,0,0,0.000830449618278301,-0,-0
4.84,0.25651087974526,0,0,0.25651087974526,0,0,0.000819314509038452,-0,-0
4.85,0.256561766220517,0,0,0.256561766220517,0,0,0.000808340500029502,-0,-0
4.86,0.256612167513783,0,0,0.256612167513783,0,0,0.000797525173919789,-0,-0
4.87,0.256662088169795,0,0,0.256662088169795,0,0,0.00078686613452,-0,-0
4.88,0.256711532697355,0,0,0.256711532697355,0,0,0.000776361006783393,-0,-0
4.89,0.256760505569328,0,0,0.256760505569328,0,0,0.000766007436807211,-0,-0
4.9,0.256809011222649,0,0,0.256809011222649,0,0,0.000755803091830983,-0,-0
4.91,0.256857054058316,0,0,0.256857054058316,0,0,0.000745745660238169,-0,-0
4.92,0.256904638441392,0,0,0.256904638441392,0,0,0.000735832851553809,-0,-0
4.93,0.256951768701008,0,0,0.256951768701008,0,0,0.000726062396448037,-0,-0
4.94,0.256998449130359,0,0,0.256998449130359,0,0,0.000716432046732142,-0,-0
4.95,0.257044683986706,0,0,0.257044683986706,0,0,0.000706939575362088,-0,-0
4.96,0.257090477491377,0,0,0.257090477491377,0,0,0.000697582776436122,-0,-0
4.97,0.257135833829763,0,0,0.257135833829763,0,0,0.000688359465195802,-0,-0
4.98,0.257180757151322,0,0,0.257180757151322,0,0,0.000679267478025256,-0,-0
4.99,0.257225251569579,0,0,0.257225251569579,0,0,0.000670304672452614,-0,-0
5,0.257269321162124,0,0,0.257269321162124,0,0,0.000661468927147902,-0,-0
5.01,0.25731296997061,0,0,0.25731296997061,0,0,0.000652758141925509,-0,-0
5.02,0.25735620200076,0,0,0.25735620200076,0,0,0.000644170237742069,-0,-0
5.03,0.257399021222359,0,0,0.257399021222359,0,0,0.000635703156697885,-0,-0
5.04,0.25744143156926,0,0,0.25744143156926,0,0,0.000627354862035776,-0,-0
5.05,0.25748343693938,0,0,0.25748343693938,0,0,0.000619123338141941,-0,-0
5.06,0.257525041194703,0,0,0.257525041194703,0,0,0.000611006590545537,-0,-0
5.07,0.257566248161279,0,0,0.257566248161279,0,0,0.000603002645918265,-0,-0
5.08,0.257607061629221,0,0,0.257607061629221,0,0,0.000595109552076523,-0,-0
5.09,0.257647485352711,0,0,0.257647485352711,0,0,0.000587325377978311,-0,-0
5.1,0.257687523158504,0,0,0.257687523158504,0,0,0.00057964847821106,-0,-0
5.11,0.257727178856108,0,0,0.257727178856108,0,0,0.000572077791650416,-0,-0
5.12,0.257766455924809,0,0,0.257766455924809,0,0,0.000564611970652464,-0,-0
5.13,0.257805357812203,0,0,0.257805357812203,0,0,0.000557249663263971,-0,-0
5.14,0.257843887942531,0,0,0.257843887942531,0,0,0.000549989526786279,-0,-0
5.15,0.257882049716681,0,0,0.257882049716681,0,0,0.000542830227776691,-0,-0
5.16,0.257919846512182,0,0,0.257919846512182,0,0,0.000535770442047109,-0,-0
5.17,0.257957281683211,0,0,0.257957281683211,0,0,0.000528808854667811,-0,-0
5.18,0.257994358560588,0,0,0.257994358560588,0,0,0.000521944159961599,-0,-0
5.19,0.258031080451779,0,0,0.258031080451779,0,0,0.000515175061509339,-0,-0
5.2,0.258067450640893,0,0,0.258067450640893,0,0,0.000508500272146498,-0,-0
5.21,0.258103472388686,0,0,0.258103472388686,0,0,0.000501918513965142,-0,-0
5.22,0.258139148932558,0,0,0.258139148932558,0,0,0.000495428518311639,-0,-0
5.23,0.258174483486553,0,0,0.258174483486553,0,0,0.000489029025789022,-0,-0
5.24,0.25820947924136,0,0,0.25820947924136,0,0,0.000482718786256636,-0,-0
5.25,0.258244139364313,0,0,0.258244139364313,0,0,0.000476496558827682,-0,-0
5.26,0.258278466999391,0,0,0.258278466999391,0,0,0.000470361111872427,-0,-0
5.27,0.258312465267218,0,0,0.258312465267218,0,0,0.000464311223017801,-0,-0
5.28,0.258346137265062,0,0,0.258346137265062,0,0,0.00045834567914357,-0,-0
5.29,0.258379486066837,0,0,0.258379486066837,0,0,0.000452463276387521,-0,-0
5.3,0.258412514723099,0,0,0.258412514723099,0,0,0.000446662820143148,-0,-0
5.31,0.258445226261053,0,0,0.258445226261053,0,0,0.000440943125058119,-0,-0
5.32,0.258477623684545,0,0,0.258477623684545,0,0,0.000435303015037171,-0,-0
5.33,0.258509709974068,0,0,0.258509709974068,0,0,0.000429741323239901,-0,-0
5.34,0.258541488086759,0,0,0.258541488086759,0,0,0.000424256892082288,-0,-0
5.35,0.2585729609564,0,0,0.2585729609564,0,0,0.000418848573235226,-0,-0
5.36,0.258604131493417,0,0,0.258604131493417,0,0,0.000413515227626299,-0,-0
5.37,0.258635002584882,0,0,0.258635002584882,0,0,0.000408255725438667,-0,-0
5.38,0.258665577094511,0,0,0.258665577094511,0,0,0.000403068946109756,-0,-0
5.39,0.258695857862665,0,0,0.258695857862665,0,0,0.000397953778334733,-0,-0
5.4,0.25872584770635,0,0,0.25872584770635,0,0,0.0003929091200633,-0,-0
5.41,0.258755549419216,0,0,0.258755549419216,0,0,0.000387933878501525,-0,-0
5.42,0.258784965771559,0,0,0.258784965771559,0,0,0.000383026970109668,-0,-0
5.43,0.258814099510318,0,0,0.258814099510318,0,0,0.000378187320605041,-0,-0
5.44,0.258842953359079,0,0,0.258842953359079,0,0,0.000373413864961605,-0,-0
5.45,0.258871530018072,0,0,0.258871530018072,0,0,0.000368705547406208,-0,-0
5.46,0.25889983216417,0,0,0.25889983216417,0,0,0.000364061321424036,-0,-0
5.47,0.258927862450893,0,0,0.258927862450893,0,0,0.000359480149754916,-0,-0
5.48,0.258955623508405,0,0,0.258955623508405,0,0,0.000354961004394635,-0,-0
5.49,0.258983117943515,0,0,0.258983117943515,0,0,0.00035050286659357,-0,-0
5.5,0.259010348339676,0,0,0.259010348339676,0,0,0.000346104726859434,-0,-0
5.51,0.259037317256987,0,0,0.259037317256987,0,0,0.000341765584955252,-0,-0
5.52,0.25906402723219,0,0,0.25906402723219,0,0,0.000337484449898624,-0,-0
5.53,0.259090480778675,0,0,0.259090480778675,0,0,0.00033326033996452,-0,-0
5.54,0.259116680386472,0,0,0.259116680386472,0,0,0.00032909228268212,-0,-0
5.55,0.259142628522261,0,0,0.259142628522261,0,0,0.000324979314837649,-0,-0
5.56,0.259168327629362,0,0,0.259168327629362,0,0,0.000320920482471908,-0,-0
5.57,0.259193780183716,0,0,0.259193780183716,0,0,0.000316914968880498,-0,-0
5.58,0.25921898866946,0,0,0.25921898866946,0,0,0.000312962355122532,-0,-0
5.59,0.259243955316518,0,0,0.259243955316518,0,0,0.000309062022115714,-0,-0
5.6,0.25926868232699,0,0,0.25926868232699,0,0,0.000305213334412718,-0,-0
5.61,0.259293171888534,0,0,0.259293171888534,0,0,0.00030141566034099,-0,-0
5.62,0.259317426174361,0,0,0.25931742617436,0,0,0.000297668372003027,-0,-0
5.63,0.25934144734324,0,0,0.25934144734324,0,0,0.000293970845276487,-0,-0
5.64,0.259365237539496,0,0,0.259365237539496,0,0,0.000290322459816545,-0,-0
5.65,0.259388798893011,0,0,0.259388798893011,0,0,0.000286722599051041,-0,-0
5.66,0.259412133519221,0,0,0.259412133519221,0,0,0.00028317065018504,-0,-0
5.67,0.25943524351912,0,0,0.25943524351912,0,0,0.000279666004198648,-0,-0
5.68,0.259458130979257,0,0,0.259458130979257,0,0,0.000276208055847131,-0,-0
5.69,0.259480797971739,0,0,0.259480797971739,0,0,0.000272796203661534,-0,-0
5.7,0.259503246554226,0,0,0.259503246554226,0,0,0.000269429849948022,-0,-0
5.71,0.259525478769938,0,0,0.259525478769938,0,0,0.000266108400788525,-0,-0
5.72,0.259547496647648,0,0,0.259547496647648,0,0,0.000262831266039766,-0,-0
5.73,0.259569302201687,0,0,0.259569302201687,0,0,0.000259597859334954,-0,-0
5.74,0.259590897431941,0,0,0.259590897431941,0,0,0.000256407598081015,-0,-0
5.75,0.259612284323853,0,0,0.259612284323853,0,0,0.000253259903462734,-0,-0
5.76,0.259633464848423,0,0,0.259633464848423,0,0,0.000250154200438646,-0,-0
5.77,0.259654440962205,0,0,0.259654440962204,0,0,0.000247089917742369,-0,-0
5.78,0.259675214607309,0,0,0.259675214607309,0,0,0.000244066487884043,-0,-0
5.79,0.259695787711405,0,0,0.259695787711405,0,0,0.000241083347149562,-0,-0
5.8,0.259716162187715,0,0,0.259716162187715,0,0,0.00023813993559892,-0,-0
5.81,0.259736339935019,0,0,0.259736339935019,0,0,0.000235235697068254,-0,-0
5.82,0.259756322837654,0,0,0.259756322837654,0,0,0.000232370079169498,-0,-0
5.83,0.25977611276551,0,0,0.25977611276551,0,0,0.000229542533288626,-0,-0
5.84,0.259795711574037,0,0,0.259795711574037,0,0,0.00022675251458883,-0,-0
5.85,0.259815121104239,0,0,0.259815121104239,0,0,0.000223999482007364,-0,-0
5.86,0.259834343182676,0,0,0.259834343182676,0,0,0.000221282898258663,-0,-0
5.87,0.259853379621465,0,0,0.259853379621465,0,0,0.000218602229829825,-0,-0
5.88,0.259872232218279,0,0,0.259872232218279,0,0,0.000215956946986189,-0,-0
5.89,0.259890902756348,0,0,0.259890902756348,0,0,0.000213346523766823,-0,-0
5.9,0.259909393004456,0,0,0.259909393004456,0,0,0.000210770437986242,-0,-0
5.91,0.259927704716945,0,0,0.259927704716945,0,0,0.000208228171235425,-0,-0
5.92,0.259945839633712,0,0,0.259945839633712,0,0,0.000205719208879797,-0,-0
5.93,0.259963799480212,0,0,0.259963799480212,0,0,0.000203243040061271,-0,-0
5.94,0.259981585967454,0,0,0.259981585967454,0,0,0.000200799157696158,-0,-0
5.95,0.259999200792004,0,0,0.259999200792004,0,0,0.00019838705847694,-0,-0
5.96,0.260016645635984,0,0,0.260016645635984,0,0,0.000196006242870469,-0,-0
5.97,0.260033922167074,0,0,0.260033922167074,0,0,0.000193656215120826,-0,-0
5.98,0.260051032038508,0,0,0.260051032038508,0,0,0.000191336483245442,-0,-0
5.99,0.260067976889076,0,0,0.260067976889076,0,0,0.000189046559038593,-0,-0
6,0.260084758343125,0,0,0.260084758343125,0,0,0.000186785958069662,-0,-0
6.01,0.260101378010558,0,0,0.260101378010558,0,0,0.000184554199683471,-0,-0
6.02,0.260117837486836,0,0,0.260117837486836,0,0,0.000182350806999968,-0,-0
6.03,0.260134138352972,0,0,0.260134138352972,0,0,0.000180175306915241,-0,-0
6.04,0.26015028217554,0,0,0.26015028217554,0,0,0.000178027230099449,-0,-0
6.05,0.260166270506666,0,0,0.260166270506666,0,0,0.000175906111000254,-0,-0
6.06,0.260182104884034,0,0,0.260182104884034,0,0,0.000173811487838377,-0,-0
6.07,0.260197786831294,0,0,0.260197786831294,0,0,0.0001717429033512,-0,-0
6.08,0.260213317928632,0,0,0.260213317928632,0,0,0.000169700110383241,-0,-0
6.09,0.260228699630543,0,0,0.260228699630543,0,0,0.000167682931118187,-0,-0
6.1,0.260243933288016,0,0,0.260243933288016,0,0,0.000165691076997146,-0,-0
6.11,0.260259020243602,0,0,0.260259020243602,0,0,0.000163724260875287,-0,-0
6.12,0.260273961831413,0,0,0.260273961831413,0,0,0.000161782197016656,-0,-0
6.13,0.260288759377123,0,0,0.260288759377123,0,0,0.000159864601096207,-0,-0
6.14,0.260303414197967,0,0,0.260303414197967,0,0,0.000157971190200577,-0,-0
6.15,0.260317927602744,0,0,0.260317927602744,0,0,0.000156101682824875,-0,-0
6.16,0.260332300891811,0,0,0.260332300891811,0,0,0.00015425579887726,-0,-0
6.17,0.26034653535709,0,0,0.26034653535709,0,0,0.000152433259674397,-0,-0
6.18,0.260360632282062,0,0,0.260360632282062,0,0,0.000150633787944939,-0,-0
6.19,0.260374592941772,0,0,0.260374592941772,0,0,0.000148857107827435,-0,-0
6.2,0.260388418602824,0,0,0.260388418602824,0,0,0.000147102944871033,-0,-0
6.21,0.260402110523386,0,0,0.260402110523386,0,0,0.000145371026035833,-0,-0
6.22,0.260415669953187,0,0,0.260415669953187,0,0,0.000143661079692855,-0,-0
6.23,0.260429098133518,0,0,0.260429098133518,0,0,0.000141972835622351,-0,-0
6.24,0.260442396297229,0,0,0.260442396297229,0,0,0.000140306025016534,-0,-0
6.25,0.260455565668734,0,0,0.260455565668734,0,0,0.000138660380477884,-0,-0
6.26,0.26046860746401,0,0,0.26046860746401,0,0,0.000137035636019472,-0,-0
6.27,0.260481522890593,0,0,0.260481522890593,0,0,0.000135431527064271,-0,-0
6.28,0.260494313147581,0,0,0.260494313147581,0,0,0.000133847790446543,-0,-0
6.29,0.260506979425634,0,0,0.260506979425634,0,0,0.000132284164411496,-0,-0
6.3,0.260519522906976,0,0,0.260519522906976,0,0,0.000130740388614227,-0,-0
6.31,0.260531944765388,0,0,0.260531944765388,0,0,0.000129216204120449,-0,-0
6.32,0.260544246166216,0,0,0.260544246166216,0,0,0.000127711353406452,-0,-0
6.33,0.260556428266367,0,0,0.260556428266367,0,0,0.000126225580360517,-0,-0
6.34,0.260568492214309,0,0,0.260568492214309,0,0,0.000124758630279448,-0,-0
6.35,0.260580439150073,0,0,0.260580439150073,0,0,0.000123310249871673,-0,-0
6.36,0.260592270205249,0,0,0.260592270205249,0,0,0.000121880187256571,-0,-0
6.37,0.260603986502992,0,0,0.260603986502992,0,0,0.000120468191963078,-0,-0
6.38,0.260615589158016,0,0,0.260615589158016,0,0,0.000119074014931746,-0,-0
6.39,0.260627079276598,0,0,0.260627079276598,0,0,0.000117697408513409,-0,-0
6.4,0.260638457956575,0,0,0.260638457956575,0,0,0.000116338126469117,-0,-0
6.41,0.260649726287349,0,0,0.260649726287349,0,0,0.000114995923970541,-0,-0
6.42,0.260660885349879,0,0,0.260660885349879,0,0,0.00011367055760132,-0,-0
6.43,0.260671936216691,0,0,0.260671936216691,0,0,0.000112361785352927,-0,-0
6.44,0.260682879951867,0,0,0.260682879951867,0,0,0.000111069366630542,-0,-0
6.45,0.260693717611055,0,0,0.260693717611055,0,0,0.000109793062247861,-0,-0
6.46,0.260704450241463,0,0,0.260704450241463,0,0,0.000108532634429882,-0,-0
6.47,0.26071507888186,0,0,0.26071507888186,0,0,0.000107287846812174,-0,-0
6.48,0.260725604562578,0,0,0.260725604562578,0,0,0.00010605846444093,-0,-0
6.49,0.26073602830551,0,0,0.26073602830551,0,0,0.00010484425377291,-0,-0
6.5,0.26074635112411,0,0,0.26074635112411,0,0,0.000103644982675496,-0,-0
6.51,0.260756574023394,0,0,0.260756574023394,0,0,0.000102460420426308,-0,-0
6.52,0.260766697999941,0,0,0.260766697999941,0,0,0.000101290337713903,-0,-0
6.53,0.26077672404189,0,0,0.26077672404189,0,0,0.000100134506638142,-0,-0
6.54,0.260786653128942,0,0,0.260786653128942,0,0,9.89927007077418e-05,-0,-0
6.55,0.26079648623236,0,0,0.26079648623236,0,0,9.78646948437342e-05,-0,-0
6.56,0.260806224314968,0,0,0.260806224314968,0,0,9.67502653767324e-05,-0,-0
6.57,0.260815868331152,0,0,0.260815868331152,0,0,9.56491900486111e-05,-0,-0
6.58,0.260825419226861,0,0,0.260825419226861,0,0,9.45612480111723e-05,-0,-0
6.59,0.260834877939603,0,0,0.260834877939603,0,0,9.3486219827495e-05,-0,-0
6.6,0.260844245398449,0,0,0.260844245398449,0,0,9.24238874698688e-05,-0,-0
6.61,0.260853522524033,0,0,0.260853522524033,0,0,9.13740343232569e-05,-0,-0
6.62,0.26086271023017,0,0,0.26086271023017,0,0,9.03364487150598e-05,-0,-0
6.63,0.260871809457578,0,0,0.260871809457578,0,0,8.93110726749588e-05,-0,-0
6.64,0.260880821038788,0,0,0.260880821038788,0,0,8.82978398450756e-05,-0,-0
6.65,0.260889745757644,0,0,0.260889745757644,0,0,8.7296624582186e-05,-0,-0
6.66,0.260898584393385,0,0,0.260898584393385,0,0,8.63073017098722e-05,-0,-0
6.67,0.260907337720649,0,0,0.260907337720649,0,0,8.53297465257764e-05,-0,-0
6.68,0.260916006509467,0,0,0.260916006509467,0,0,8.43638347960661e-05,-0,-0
6.69,0.260924591525269,0,0,0.260924591525269,0,0,8.34094427575116e-05,-0,-0
6.7,0.260933093528879,0,0,0.260933093528879,0,0,8.24664471178287e-05,-0,-0
6.71,0.260941513276519,0,0,0.260941513276519,0,0,8.15347250536121e-05,-0,-0
6.72,0.260949851519805,0,0,0.260949851519805,0,0,8.06141542144638e-05,-0,-0
6.73,0.260958109005753,0,0,0.260958109005753,0,0,7.97046127185338e-05,-0,-0
6.74,0.260966286476772,0,0,0.260966286476772,0,0,7.88059791548973e-05,-0,-0
6.75,0.260974384670667,0,0,0.260974384670667,0,0,7.79181325818654e-05,-0,-0
6.76,0.260982404320641,0,0,0.260982404320641,0,0,7.70409525304204e-05,-0,-0
6.77,0.260990346155293,0,0,0.260990346155293,0,0,7.61743190011059e-05,-0,-0
6.78,0.260998210898617,0,0,0.260998210898617,0,0,7.53181124633429e-05,-0,-0
6.79,0.261005999270005,0,0,0.261005999270005,0,0,7.44722138588854e-05,-0,-0
6.8,0.261013711984242,0,0,0.261013711984242,0,0,7.36365045993824e-05,-0,-0
6.81,0.261021349751514,0,0,0.261021349751514,0,0,7.28108665660684e-05,-0,-0
6.82,0.261028913277399,0,0,0.261028913277399,0,0,7.19951821117988e-05,-0,-0
6.83,0.261036403262873,0,0,0.261036403262873,0,0,7.11893340590037e-05,-0,-0
6.84,0.261043820404308,0,0,0.261043820404308,0,0,7.03932057014049e-05,-0,-0
6.85,0.261051165393472,0,0,0.261051165393472,0,0,6.96066808012503e-05,-0,-0
6.86,0.261058438917531,0,0,0.261058438917531,0,0,6.88296435931183e-05,-0,-0
6.87,0.261065641659043,0,0,0.261065641659043,0,0,6.80619787818476e-05,-0,-0
6.88,0.261072774295967,0,0,0.261072774295967,0,0,6.7303571542175e-05,-0,-0
6.89,0.261079837501655,0,0,0.261079837501655,0,0,6.65543075184186e-05,-0,-0
6.9,0.261086831944857,0,0,0.261086831944857,0,0,6.58140728265182e-05,-0,-0
6.91,0.261093758289718,0,0,0.261093758289718,0,0,6.50827540523364e-05,-0,-0
6.92,0.26110061719578,0,0,0.26110061719578,0,0,6.43602382530244e-05,-0,-0
6.93,0.26110740931798,0,0,0.26110740931798,0,0,6.36464129549529e-05,-0,-0
6.94,0.261114135306654,0,0,0.261114135306654,0,0,6.29411661547483e-05,-0,-0
6.95,0.26112079580753,0,0,0.26112079580753,0,0,6.22443863210233e-05,-0,-0
6.96,0.261127391461737,0,0,0.261127391461737,0,0,6.15559623909166e-05,-0,-0
6.97,0.261133922905796,0,0,0.261133922905796,0,0,6.08757837745871e-05,-0,-0
6.98,0.261140390771626,0,0,0.261140390771626,0,0,6.02037403486496e-05,-0,-0
6.99,0.261146795686543,0,0,0.261146795686543,0,0,5.95397224637728e-05,-0,-0
7,0.261153138273259,0,0,0.261153138273259,0,0,5.88836209388117e-05,-0,-0
7.01,0.26115941914988,0,0,0.26115941914988,0,0,5.82353270649517e-05,-0,-0
7.02,0.26116563892991,0,0,0.26116563892991,0,0,5.75947326025964e-05,-0,-0
7.03,0.261171798222251,0,0,0.261171798222251,0,0,5.69617297813672e-05,-0,-0
7.04,0.261177897631197,0,0,0.261177897631197,0,0,5.6336211303912e-05,-0,-0
7.05,0.261183937756442,0,0,0.261183937756442,0,0,5.57180703413952e-05,-0,-0
7.06,0.261189919193074,0,0,0.261189919193074,0,0,5.51072005359372e-05,-0,-0
7.07,0.261195842531577,0,0,0.261195842531577,0,0,5.45034960012991e-05,-0,-0
7.08,0.261201708357834,0,0,0.261201708357834,0,0,5.39068513187215e-05,-0,-0
7.09,0.261207517253122,0,0,0.261207517253122,0,0,5.33171615424801e-05,-0,-0
7.1,0.261213269794113,0,0,0.261213269794113,0,0,5.27343221967502e-05,-0,-0
7.11,0.261218966552878,0,0,0.261218966552878,0,0,5.2158229275282e-05,-0,-0
7.12,0.261224608096883,0,0,0.261224608096883,0,0,5.15887792420715e-05,-0,-0
7.13,0.26123019498899,0,0,0.26123019498899,0,0,5.10258690334491e-05,-0,-0
7.14,0.261235727787457,0,0,0.261235727787457,0,0,5.04693960542797e-05,-0,-0
7.15,0.261241207045939,0,0,0.261241207045939,0,0,4.99192581807015e-05,-0,-0
7.16,0.261246633313487,0,0,0.261246633313487,0,0,4.93753537584387e-05,-0,-0
7.17,0.261252007134548,0,0,0.261252007134548,0,0,4.88375816051888e-05,-0,-0
7.18,0.261257329048964,0,0,0.261257329048964,0,0,4.83058410064886e-05,-0,-0
7.19,0.261262599591977,0,0,0.261262599591977,0,0,4.77800317208988e-05,-0,-0
7.2,0.26126781929422,0,0,0.26126781929422,0,0,4.72600539768858e-05,-0,-0
7.21,0.261272988681726,0,0,0.261272988681726,0,0,4.67458084717934e-05,-0,-0
7.22,0.261278108276385,0,0,0.261278108276385,0,0,4.62371978126462e-05,-0,-0
7.23,0.261283178603383,0,0,0.261283178603383,0,0,4.57342161977168e-05,-0,-0
7.24,0.261288200118635,0,0,0.261288200118635,0,0,4.52368532877817e-05,-0,-0
7.25,0.261293173250233,0,0,0.261293173250233,0,0,4.47450563807188e-05,-0,-0
7.26,0.261298098423966,0,0,0.261298098423966,0,0,4.42587729098127e-05,-0,-0
7.27,0.261302976063323,0,0,0.261302976063323,0,0,4.37779504389164e-05,-0,-0
7.28,0.261307806589489,0,0,0.261307806589489,0,0,4.33025366672942e-05,-0,-0
7.29,0.261312590421347,0,0,0.261312590421347,0,0,4.28324794265115e-05,-0,-0
7.3,0.261317327975478,0,0,0.261317327975478,0,0,4.23677266793844e-05,-0,-0
7.31,0.26132201966616,0,0,0.26132201966616,0,0,4.19082265244977e-05,-0,-0
7.32,0.261326665905369,0,0,0.261326665905369,0,0,4.14539271909927e-05,-0,-0
7.33,0.261331267102778,0,0,0.261331267102778,0,0,4.10047770437755e-05,-0,-0
7.34,0.261335823665759,0,0,0.261335823665759,0,0,4.05607245786638e-05,-0,-0
7.35,0.26134033599938,0,0,0.26134033599938,0,0,4.01217184248107e-05,-0,-0
7.36,0.261344804506407,0,0,0.261344804506407,0,0,3.96877073443602e-05,-0,-0
7.37,0.261349229587305,0,0,0.261349229587305,0,0,3.92586402338298e-05,-0,-0
7.38,0.261353611640235,0,0,0.261353611640235,0,0,3.88344661213366e-05,-0,-0
7.39,0.261357951061056,0,0,0.261357951061056,0,0,3.84151341683431e-05,-0,-0
7.4,0.261362248243325,0,0,0.261362248243325,0,0,3.80005936696359e-05,-0,-0
7.41,0.261366503578296,0,0,0.261366503578296,0,0,3.75907940533475e-05,-0,-0
7.42,0.261370717454921,0,0,0.261370717454921,0,0,3.71856848799027e-05,-0,-0
7.43,0.261374890259851,0,0,0.261374890259851,0,0,3.67852158430632e-05,-0,-0
7.44,0.261379022377431,0,0,0.261379022377431,0,0,3.63893367699253e-05,-0,-0
7.45,0.261383114189707,0,0,0.261383114189707,0,0,3.59979976191924e-05,-0,-0
7.46,0.261387166076422,0,0,0.261387166076422,0,0,3.56111484853257e-05,-0,-0
7.47,0.261391178415014,0,0,0.261391178415014,0,0,3.52287395933484e-05,-0,-0
7.48,0.261395151580623,0,0,0.261395151580623,0,0,3.48507213023207e-05,-0,-0
7.49,0.261399085946083,0,0,0.261399085946083,0,0,3.44770441049729e-05,-0,-0
7.5,0.261402981881928,0,0,0.261402981881928,0,0,3.41076586253047e-05,-0,-0
7.51,0.261406839756386,0,0,0.261406839756386,0,0,3.37425156223766e-05,-0,-0
7.52,0.261410659935388,0,0,0.261410659935388,0,0,3.3381565986511e-05,-0,-0
7.53,0.261414442782558,0,0,0.261414442782558,0,0,3.30247607427461e-05,-0,-0
7.54,0.26141818865922,0,0,0.26141818865922,0,0,3.26720510473869e-05,-0,-0
7.55,0.261421897924394,0,0,0.261421897924394,0,0,3.23233881917915e-05,-0,-0
7.56,0.2614255709348,0,0,0.2614255709348,0,0,3.19787235979001e-05,-0,-0
7.57,0.261429208044853,0,0,0.261429208044853,0,0,3.16380088233969e-05,-0,-0
7.58,0.261432809606668,0,0,0.261432809606668,0,0,3.13011955561993e-05,-0,-0
7.59,0.261436375970055,0,0,0.261436375970055,0,0,3.09682356199729e-05,-0,-0
7.6,0.261439907482523,0,0,0.261439907482523,0,0,3.06390809699949e-05,-0,-0
7.61,0.26144340448928,0,0,0.26144340448928,0,0,3.03136836941847e-05,-0,-0
7.62,0.261446867333229,0,0,0.261446867333229,0,0,2.99919960144892e-05,-0,-0
7.63,0.261450296354972,0,0,0.261450296354972,0,0,2.96739702854943e-05,-0,-0
7.64,0.261453691892809,0,0,0.261453691892809,0,0,2.93595589947837e-05,-0,-0
7.65,0.261457054282736,0,0,0.261457054282736,0,0,2.90487147629219e-05,-0,-0
7.66,0.261460383858449,0,0,0.261460383858449,0,0,2.87413903434686e-05,-0,-0
7.67,0.26146368095134,0,0,0.26146368095134,0,0,2.84375386236648e-05,-0,-0
7.68,0.261466945890498,0,0,0.261466945890498,0,0,2.81371126227008e-05,-0,-0
7.69,0.261470179002711,0,0,0.261470179002711,0,0,2.78400654941413e-05,-0,-0
7.7,0.261473380612464,0,0,0.261473380612464,0,0,2.75463505224663e-05,-0,-0
7.71,0.26147655104194,0,0,0.26147655104194,0,0,2.72559211282573e-05,-0,-0
7.72,0.261479690611019,0,0,0.261479690611019,0,0,2.69687308619695e-05,-0,-0
7.73,0.261482799637279,0,0,0.261482799637279,0,0,2.66847334091302e-05,-0,-0
7.74,0.261485878435996,0,0,0.261485878435996,0,0,2.64038825885905e-05,-0,-0
7.75,0.261488927320143,0,0,0.261488927320143,0,0,2.6126132350127e-05,-0,-0
7.76,0.26149194660039,0,0,0.26149194660039,0,0,2.58514367785791e-05,-0,-0
7.77,0.261494936585106,0,0,0.261494936585106,0,0,2.55797500907312e-05,-0,-0
7.78,0.261497897580358,0,0,0.261497897580358,0,0,2.53110266370551e-05,-0,-0
7.79,0.261500829889907,0,0,0.261500829889907,0,0,2.50452208999791e-05,-0,-0
7.8,0.261503733815217,0,0,0.261503733815217,0,0,2.47822874969803e-05,-0,-0
7.81,0.261506609655445,0,0,0.261506609655445,0,0,2.45221811764681e-05,-0,-0
7.82,0.261509457707449,0,0,0.261509457707449,0,0,2.42648568212114e-05,-0,-0
7.83,0.261512278265781,0,0,0.261512278265781,0,0,2.40102694462859e-05,-0,-0
7.84,0.261515071622695,0,0,0.261515071622694,0,0,2.37583742004421e-05,-0,-0
7.85,0.261517838068138,0,0,0.261517838068138,0,0,2.35091263640435e-05,-0,-0
7.86,0.261520577889758,0,0,0.261520577889758,0,0,2.32624813531997e-05,-0,-0
7.87,0.2615232913729,0,0,0.2615232913729,0,0,2.30183947142598e-05,-0,-0
7.88,0.261525978800606,0,0,0.261525978800606,0,0,2.27768221282706e-05,-0,-0
7.89,0.261528640449641,0,0,0.261528640449641,0,0,2.25377492271616e-05,-0,-0
7.9,0.26153127655748,0,0,0.26153127655748,0,0,2.23011999191597e-05,-0,-0
7.91,0.261533887341116,0,0,0.261533887341116,0,0,2.20671540965749e-05,-0,-0
7.92,0.2615364730164,0,0,0.2615364730164,0,0,2.1835590561058e-05,-0,-0
7.93,0.261539033798158,0,0,0.261539033798158,0,0,2.16064881414595e-05,-0,-0
7.94,0.261541569900198,0,0,0.261541569900198,0,0,2.1379825693141e-05,-0,-0
7.95,0.261544081535303,0,0,0.261544081535303,0,0,2.11555820986676e-05,-0,-0
7.96,0.261546568915239,0,0,0.261546568915239,0,0,2.0933736266073e-05,-0,-0
7.97,0.261549032250745,0,0,0.261549032250745,0,0,2.07142671337078e-05,-0,-0
7.98,0.261551471751545,0,0,0.261551471751545,0,0,2.04971536633225e-05,-0,-0
7.99,0.261553887626336,0,0,0.261553887626336,0,0,2.02823748455931e-05,-0,-0
8,0.261556280082796,0,0,0.261556280082796,0,0,2.00699096980555e-05,-0,-0
8.01,0.261558649327582,0,0,0.261558649327582,0,0,1.98597372654461e-05,-0,-0
8.02,0.261560995566329,0,0,0.261560995566329,0,0,1.96518366176294e-05,-0,-0
8.03,0.26156331900365,0,0,0.26156331900365,0,0,1.94461868537449e-05,-0,-0
8.04,0.261565619843138,0,0,0.261565619843138,0,0,1.92427670984057e-05,-0,-0
8.05,0.261567898287363,0,0,0.261567898287363,0,0,1.90415565037747e-05,-0,-0
8.06,0.261570154537874,0,0,0.261570154537874,0,0,1.88425342495554e-05,-0,-0
8.07,0.261572388795199,0,0,0.261572388795199,0,0,1.86456795412764e-05,-0,-0
8.08,0.261574601258845,0,0,0.261574601258845,0,0,1.84509716116669e-05,-0,-0
8.09,0.261576792127297,0,0,0.261576792127297,0,0,1.82583897206567e-05,-0,-0
8.1,0.261578961598018,0,0,0.261578961598018,0,0,1.80679131560693e-05,-0,-0
8.11,0.26158110986745,0,0,0.26158110986745,0,0,1.78795212312009e-05,-0,-0
8.12,0.261583237131015,0,0,0.261583237131015,0,0,1.76931932862046e-05,-0,-0
8.13,0.26158534358311,0,0,0.26158534358311,0,0,1.75089086905085e-05,-0,-0
8.14,0.261587429417115,0,0,0.261587429417115,0,0,1.73266468372886e-05,-0,-0
8.15,0.261589494825386,0,0,0.261589494825386,0,0,1.71463871496797e-05,-0,-0
8.16,0.261591539999258,0,0,0.261591539999258,0,0,1.69681090759529e-05,-0,-0
8.17,0.261593565129044,0,0,0.261593565129044,0,0,1.67917920912324e-05,-0,-0
8.18,0.261595570404037,0,0,0.261595570404037,0,0,1.66174156995714e-05,-0,-0
8.19,0.261597556012507,0,0,0.261597556012507,0,0,1.64449594291149e-05,-0,-0
8.2,0.261599522141704,0,0,0.261599522141704,0,0,1.62744028369382e-05,-0,-0
8.21,0.261601468977855,0,0,0.261601468977855,0,0,1.6105725507665e-05,-0,-0
8.22,0.261603396706168,0,0,0.261603396706167,0,0,1.59389070513865e-05,-0,-0
8.23,0.261605305510826,0,0,0.261605305510826,0,0,1.57739271043657e-05,-0,-0
8.24,0.261607195574995,0,0,0.261607195574995,0,0,1.56107653324828e-05,-0,-0
8.25,0.261609067080815,0,0,0.261609067080815,0,0,1.5449401426748e-05,-0,-0
8.26,0.261610920209409,0,0,0.261610920209409,0,0,1.52898151057179e-05,-0,-0
8.27,0.261612755140875,0,0,0.261612755140875,0,0,1.51319861148038e-05,-0,-0
8.28,0.261614572054291,0,0,0.261614572054291,0,0,1.49758942262755e-05,-0,-0
8.29,0.261616371127714,0,0,0.261616371127714,0,0,1.48215192392572e-05,-0,-0
8.3,0.261618152538178,0,0,0.261618152538178,0,0,1.46688409807675e-05,-0,-0
8.31,0.261619916461698,0,0,0.261619916461698,0,0,1.45178393036404e-05,-0,-0
8.32,0.261621663073266,0,0,0.261621663073266,0,0,1.43684940882613e-05,-0,-0
8.33,0.261623392546853,0,0,0.261623392546853,0,0,1.42207852415243e-05,-0,-0
8.34,0.261625105055407,0,0,0.261625105055407,0,0,1.40746926982169e-05,-0,-0
8.35,0.261626800770858,0,0,0.261626800770858,0,0,1.39301964192909e-05,-0,-0
8.36,0.261628479864111,0,0,0.261628479864111,0,0,1.37872763925548e-05,-0,-0
8.37,0.261630142505053,0,0,0.261630142505053,0,0,1.36459126333635e-05,-0,-0
8.38,0.261631788862545,0,0,0.261631788862545,0,0,1.35060851832369e-05,-0,-0
8.39,0.261633419104432,0,0,0.261633419104432,0,0,1.33677741122815e-05,-0,-0
8.4,0.261635033397533,0,0,0.261635033397533,0,0,1.32309595160711e-05,-0,-0
8.41,0.261636631907648,0,0,0.261636631907648,0,0,1.30956215170413e-05,-0,-0
8.42,0.261638214799555,0,0,0.261638214799555,0,0,1.29617402662111e-05,-0,-0
8.43,0.261639782237011,0,0,0.261639782237011,0,0,1.2829295939725e-05,-0,-0
8.44,0.261641334382751,0,0,0.261641334382751,0,0,1.26982687419684e-05,-0,-0
8.45,0.261642871398489,0,0,0.261642871398489,0,0,1.25686389024532e-05,-0,-0
8.46,0.261644393444917,0,0,0.261644393444917,0,0,1.24403866810049e-05,-0,-0
8.47,0.261645900681705,0,0,0.261645900681705,0,0,1.23134923608459e-05,-0,-0
8.48,0.261647393267504,0,0,0.261647393267504,0,0,1.2187936254477e-05,-0,-0
8.49,0.261648871359942,0,0,0.261648871359942,0,0,1.20636987005622e-05,-0,-0
8.5,0.261650335115625,0,0,0.261650335115625,0,0,1.19407600646235e-05,-0,-0
8.51,0.261651784690138,0,0,0.261651784690138,0,0,1.18191007397262e-05,-0,-0
8.52,0.261653220238045,0,0,0.261653220238045,0,0,1.16987011451066e-05,-0,-0
8.53,0.261654641912889,0,0,0.261654641912889,0,0,1.15795417271961e-05,-0,-0
8.54,0.26165604986719,0,0,0.26165604986719,0,0,1.14616029606687e-05,-0,-0
8.55,0.261657444252448,0,0,0.261657444252448,0,0,1.13448653446348e-05,-0,-0
8.56,0.261658825219142,0,0,0.261658825219142,0,0,1.12293094074766e-05,-0,-0
8.57,0.261660192916727,0,0,0.261660192916727,0,0,1.11149157037454e-05,-0,-0
8.58,0.261661547493639,0,0,0.261661547493639,0,0,1.10016648145017e-05,-0,-0
8.59,0.261662889097292,0,0,0.261662889097292,0,0,1.08895373480055e-05,-0,-0
8.6,0.261664217874079,0,0,0.261664217874079,0,0,1.07785139407591e-05,-0,-0
8.61,0.261665533969369,0,0,0.261665533969369,0,0,1.06685752533523e-05,-0,-0
8.62,0.261666837527514,0,0,0.261666837527514,0,0,1.05597019766897e-05,-0,-0
8.63,0.261668128682073,0,0,0.261668128682073,0,0,1.04518893580273e-05,-0,-0
8.64,0.261669407530459,0,0,0.261669407530459,0,0,1.03451580750407e-05,-0,-0
8.65,0.261670674171405,0,0,0.261670674171405,0,0,1.02395013594253e-05,-0,-0
8.66,0.261671928703822,0,0,0.261671928703822,0,0,1.01349111199751e-05,-0,-0
8.67,0.261673171226247,0,0,0.261673171226247,0,0,1.00313792664668e-05,-0,-0
8.68,0.261674401836839,0,0,0.261674401836839,0,0,9.92889770724239e-06,-0,-0
8.69,0.261675620633387,0,0,0.261675620633387,0,0,9.82745834955472e-06,-0,-0
8.7,0.2616768277133,0,0,0.2616768277133,0,0,9.72705310060547e-06,-0,-0
8.71,0.261678023173616,0,0,0.261678023173616,0,0,9.62767386754435e-06,-0,-0
8.72,0.261679207110994,0,0,0.261679207110994,0,0,9.52931255608332e-06,-0,-0
8.73,0.261680379621722,0,0,0.261680379621722,0,0,9.43196107188555e-06,-0,-0
8.74,0.261681540801711,0,0,0.261681540801711,0,0,9.33561131848798e-06,-0,-0
8.75,0.261682690746497,0,0,0.261682690746497,0,0,9.24025520110264e-06,-0,-0
8.76,0.26168382955124,0,0,0.26168382955124,0,0,9.14588462281587e-06,-0,-0
8.77,0.261684957310728,0,0,0.261684957310728,0,0,9.05249148700773e-06,-0,-0
8.78,0.261686074119371,0,0,0.261686074119371,0,0,8.96006769493226e-06,-0,-0
8.79,0.261687180071206,0,0,0.261687180071206,0,0,8.8686051488286e-06,-0,-0
8.8,0.261688275259894,0,0,0.261688275259894,0,0,8.77809574984748e-06,-0,-0
8.81,0.261689359778721,0,0,0.261689359778721,0,0,8.68853139770207e-06,-0,-0
8.82,0.261690433720599,0,0,0.261690433720599,0,0,8.5999039924025e-06,-0,-0
8.83,0.261691497178063,0,0,0.261691497178063,0,0,8.51220543355929e-06,-0,-0
8.84,0.261692550243274,0,0,0.261692550243274,0,0,8.42542761900374e-06,-0,-0
8.85,0.26169359300802,0,0,0.26169359300802,0,0,8.33956244720546e-06,-0,-0
8.86,0.261694625563711,0,0,0.261694625563711,0,0,8.25460181485443e-06,-0,-0
8.87,0.261695648001383,0,0,0.261695648001383,0,0,8.17053761893358e-06,-0,-0
8.88,0.261696660411698,0,0,0.261696660411698,0,0,8.08736175533732e-06,-0,-0
8.89,0.261697662884942,0,0,0.261697662884942,0,0,8.00506611990876e-06,-0,-0
8.9,0.261698655511027,0,0,0.261698655511027,0,0,7.92364260636229e-06,-0,-0
8.91,0.261699638379487,0,0,0.261699638379487,0,0,7.84308310974511e-06,-0,-0
8.92,0.261700611579486,0,0,0.261700611579486,0,0,7.76337952366959e-06,-0,-0
8.93,0.261701575199808,0,0,0.261701575199808,0,0,7.68452374065858e-06,-0,-0
8.94,0.261702529328866,0,0,0.261702529328866,0,0,7.6065076531829e-06,-0,-0
8.95,0.261703474054695,0,0,0.261703474054695,0,0,7.52932315262504e-06,-0,-0
8.96,0.261704409464956,0,0,0.261704409464956,0,0,7.45296213066043e-06,-0,-0
8.97,0.261705335646937,0,0,0.261705335646937,0,0,7.37741647718318e-06,-0,-0
8.98,0.261706252687548,0,0,0.261706252687548,0,0,7.30267808169154e-06,-0,-0
8.99,0.261707160673325,0,0,0.261707160673325,0,0,7.22873883397639e-06,-0,-0
9,0.26170805969043,0,0,0.26170805969043,0,0,7.15559062273942e-06,-0,-0
9.01,0.261708949824649,0,0,0.261708949824649,0,0,7.083225335594e-06,-0,-0
9.02,0.261709831161393,0,0,0.261709831161393,0,0,7.01163485975517e-06,-0,-0
9.03,0.261710703785699,0,0,0.261710703785699,0,0,6.94081108204049e-06,-0,-0
9.04,0.261711567782228,0,0,0.261711567782228,0,0,6.87074588921538e-06,-0,-0
9.05,0.261712423235265,0,0,0.261712423235265,0,0,6.80143116557478e-06,-0,-0
9.06,0.261713270228724,0,0,0.261713270228724,0,0,6.73285879639529e-06,-0,-0
9.07,0.261714108846138,0,0,0.261714108846138,0,0,6.66502066655862e-06,-0,-0
9.08,0.261714939170671,0,0,0.261714939170671,0,0,6.59790865882018e-06,-0,-0
9.09,0.261715761285108,0,0,0.261715761285108,0,0,6.53151465657403e-06,-0,-0
9.1,0.261716575271861,0,0,0.261716575271861,0,0,6.4658305421254e-06,-0,-0
9.11,0.261717381212965,0,0,0.261717381212965,0,0,6.40084819703598e-06,-0,-0
9.12,0.261718179190083,0,0,0.261718179190083,0,0,6.33655950281562e-06,-0,-0
9.13,0.2617189692845,0,0,0.2617189692845,0,0,6.27295633954031e-06,-0,-0
9.14,0.261719751577127,0,0,0.261719751577127,0,0,6.2100305872313e-06,-0,-0
9.15,0.261720526148502,0,0,0.261720526148502,0,0,6.14777412551485e-06,-0,-0
9.16,0.261721293078785,0,0,0.261721293078785,0,0,6.08617883292642e-06,-0,-0
9.17,0.261722052447763,0,0,0.261722052447763,0,0,6.02523658656907e-06,-0,-0
9.18,0.261722804334846,0,0,0.261722804334846,0,0,5.9649392645282e-06,-0,-0
9.19,0.261723548819072,0,0,0.261723548819072,0,0,5.90527874414713e-06,-0,-0
9.2,0.261724285979102,0,0,0.261724285979102,0,0,5.84624690064283e-06,-0,-0
9.21,0.261725015893221,0,0,0.261725015893221,0,0,5.78783561021822e-06,-0,-0
9.22,0.261725738639341,0,0,0.261725738639341,0,0,5.73003674729332e-06,-0,-0
9.23,0.261726454294999,0,0,0.261726454294999,0,0,5.67284218658438e-06,-0,-0
9.24,0.261727162937356,0,0,0.261727162937356,0,0,5.61624380171732e-06,-0,-0
9.25,0.261727864643199,0,0,0.261727864643199,0,0,5.56023346488419e-06,-0,-0
9.26,0.261728559488937,0,0,0.261728559488937,0,0,5.50480304960634e-06,-0,-0
9.27,0.261729247550609,0,0,0.261729247550609,0,0,5.44994442728045e-06,-0,-0
9.28,0.261729928903874,0,0,0.261729928903874,0,0,5.39564946925024e-06,-0,-0
9.29,0.261730603624021,0,0,0.261730603624021,0,0,5.3419100457708e-06,-0,-0
9.3,0.261731271785959,0,0,0.261731271785959,0,0,5.28871802739128e-06,-0,-0
9.31,0.261731933464225,0,0,0.261731933464225,0,0,5.23606528253338e-06,-0,-0
9.32,0.261732588732981,0,0,0.261732588732981,0,0,5.18394368025934e-06,-0,-0
9.33,0.261733237666013,0,0,0.261733237666013,0,0,5.13234508888697e-06,-0,-0
9.34,0.261733880336732,0,0,0.261733880336732,0,0,5.08126137599256e-06,-0,-0
9.35,0.261734516818175,0,0,0.261734516818175,0,0,5.03068440806088e-06,-0,-0
9.36,0.261735147183002,0,0,0.261735147183002,0,0,4.98060605187256e-06,-0,-0
9.37,0.261735771503501,0,0,0.261735771503501,0,0,4.93101817208136e-06,-0,-0
9.38,0.261736389851583,0,0,0.261736389851583,0,0,4.88191263432508e-06,-0,-0
9.39,0.261737002298783,0,0,0.261737002298783,0,0,4.83328130315377e-06,-0,-0
9.4,0.261737608916264,0,0,0.261737608916264,0,0,4.78511604168119e-06,-0,-0
9.41,0.261738209774812,0,0,0.261738209774812,0,0,4.7374087133172e-06,-0,-0
9.42,0.261738804944838,0,0,0.261738804944838,0,0,4.6901511807261e-06,-0,-0
9.43,0.261739394496379,0,0,0.261739394496379,0,0,4.64333530582974e-06,-0,-0
9.44,0.261739978499095,0,0,0.261739978499095,0,0,4.59695294911555e-06,-0,-0
9.45,0.261740557022274,0,0,0.261740557022274,0,0,4.55099597239958e-06,-0,-0
9.46,0.261741130134826,0,0,0.261741130134826,0,0,4.50545623468433e-06,-0,-0
9.47,0.261741697808547,0,0,0.261741697808547,0,0,4.4603489574586e-06,-0,-0
9.48,0.261742259977752,0,0,0.261742259977752,0,0,4.41569802858477e-06,-0,-0
9.49,0.261742816692335,0,0,0.261742816692335,0,0,4.37149919076671e-06,-0,-0
9.5,0.26174336800229,0,0,0.26174336800229,0,0,4.32774811347854e-06,-0,-0
9.51,0.261743913957296,0,0,0.261743913957296,0,0,4.28444049158609e-06,-0,-0
9.52,0.261744454606718,0,0,0.261744454606718,0,0,4.24157204672801e-06,-0,-0
9.53,0.261744989999605,0,0,0.261744989999605,0,0,4.19913852420749e-06,-0,-0
9.54,0.261745520184694,0,0,0.261745520184694,0,0,4.15713570024615e-06,-0,-0
9.55,0.261746045210405,0,0,0.261746045210405,0,0,4.1155593730029e-06,-0,-0
9.56,0.261746565124844,0,0,0.261746565124844,0,0,4.07440536879025e-06,-0,-0
9.57,0.261747079975804,0,0,0.261747079975804,0,0,4.03366953931382e-06,-0,-0
9.58,0.261747589810761,0,0,0.261747589810761,0,0,3.99334776339711e-06,-0,-0
9.59,0.261748094676877,0,0,0.261748094676877,0,0,3.95343594525522e-06,-0,-0
9.6,0.261748594621002,0,0,0.261748594621002,0,0,3.91393001587624e-06,-0,-0
9.61,0.261749089689667,0,0,0.261749089689667,0,0,3.87482593163988e-06,-0,-0
9.62,0.261749579929092,0,0,0.261749579929092,0,0,3.83611967500808e-06,-0,-0
9.63,0.261750065385182,0,0,0.261750065385181,0,0,3.79780725728938e-06,-0,-0
9.64,0.261750546103524,0,0,0.261750546103524,0,0,3.75988471172721e-06,-0,-0
9.65,0.261751022129395,0,0,0.261751022129395,0,0,3.72234810075845e-06,-0,-0
9.66,0.261751493507754,0,0,0.261751493507754,0,0,3.68519351255588e-06,-0,-0
9.67,0.261751960283248,0,0,0.261751960283248,0,0,3.64841706068409e-06,-0,-0
9.68,0.261752422500207,0,0,0.261752422500207,0,0,3.6120148854806e-06,-0,-0
9.69,0.261752880202648,0,0,0.261752880202648,0,0,3.57598315336527e-06,-0,-0
9.7,0.261753333434273,0,0,0.261753333434273,0,0,3.540318056495e-06,-0,-0
9.71,0.26175378223847,0,0,0.26175378223847,0,0,3.50501581414557e-06,-0,-0
9.72,0.26175422665831,0,0,0.26175422665831,0,0,3.47007267098294e-06,-0,-0
9.73,0.261754666736552,0,0,0.261754666736552,0,0,3.4354848977567e-06,-0,-0
9.74,0.26175510251564,0,0,0.26175510251564,0,0,3.40124879233471e-06,-0,-0
9.75,0.261755534037703,0,0,0.261755534037703,0,0,3.36736067832157e-06,-0,-0
9.76,0.261755961344554,0,0,0.261755961344554,0,0,3.33381690505879e-06,-0,-0
9.77,0.261756384477694,0,0,0.261756384477694,0,0,3.30061384866116e-06,-0,-0
9.78,0.261756803478308,0,0,0.261756803478308,0,0,3.26774791098021e-06,-0,-0
9.79,0.261757218387266,0,0,0.261757218387266,0,0,3.23521552029549e-06,-0,-0
9.8,0.261757629245124,0,0,0.261757629245124,0,0,3.20301313165978e-06,-0,-0
9.81,0.261758036092123,0,0,0.261758036092123,0,0,3.17113722413445e-06,-0,-0
9.82,0.261758438968191,0,0,0.261758438968191,0,0,3.13958430631897e-06,-0,-0
9.83,0.26175883791294,0,0,0.26175883791294,0,0,3.10835091047644e-06,-0,-0
9.84,0.261759232965666,0,0,0.261759232965666,0,0,3.07743359598863e-06,-0,-0
9.85,0.261759624165353,0,0,0.261759624165353,0,0,3.04682894762879e-06,-0,-0
9.86,0.261760011550669,0,0,0.261760011550669,0,0,3.01653357763431e-06,-0,-0
9.87,0.261760395159968,0,0,0.261760395159968,0,0,2.98654412432455e-06,-0,-0
9.88,0.261760775031289,0,0,0.261760775031289,0,0,2.95685725002951e-06,-0,-0
9.89,0.261761151202357,0,0,0.261761151202357,0,0,2.92746964626863e-06,-0,-0
9.9,0.261761523710582,0,0,0.261761523710582,0,0,2.89837802891835e-06,-0,-0
9.91,0.261761892593058,0,0,0.261761892593058,0,0,2.86957913993633e-06,-0,-0
9.92,0.261762257886567,0,0,0.261762257886567,0,0,2.84106974978124e-06,-0,-0
9.93,0.261762619627575,0,0,0.261762619627575,0,0,2.81284665222997e-06,-0,-0
9.94,0.261762977852234,0,0,0.261762977852234,0,0,2.78490666748746e-06,-0,-0
9.95,0.261763332596379,0,0,0.261763332596379,0,0,2.75724664425926e-06,-0,-0
9.96,0.261763683895534,0,0,0.261763683895534,0,0,2.72986345526045e-06,-0,-0
9.97,0.261764031784907,0,0,0.261764031784907,0,0,2.70275400066956e-06,-0,-0
9.98,0.26176437629939,0,0,0.26176437629939,0,0,2.67591520605737e-06,-0,-0
9.99,0.261764717473563,0,0,0.261764717473563,0,0,2.64934402342205e-06,-0,-0
10,0.261765055341688,0,0,0.261765055341688,0,0,2.62303743153529e-06,-0,-0
